cells,group
AAACATACAACCAC.1,1
AAACATTGAGCTAC.1,2
AAACATTGATCAGC.1,3
AAACCGTGCTTCCG.1,4
AAACCGTGTATGCG.1,5
AAACGCACTGGTAC.1,1
AAACGCTGACCAGT.1,1
AAACGCTGGTTCTT.1,3
AAACGCTGTAGCCA.1,2
AAACGCTGTTTCTG.1,5
AAACTTGAAAAACG.1,2
AAACTTGATCCAGA.1,1
AAAGAGACGAGATA.1,1
AAAGAGACGCGAGA.1,4
AAAGAGACGGACTT.1,3
AAAGAGACGGCATT.1,1
AAAGATCTGGGCAA.1,4
AAAGCAGAAGCCAT.1,3
AAAGCAGATATCGG.1,4
AAAGCCTGTATGCG.1,3
AAAGGCCTGTCTAG.1,2
AAAGTTTGATCACG.1,2
AAAGTTTGGGGTGA.1,2
AAAGTTTGTAGAGA.1,1
AAAGTTTGTAGCGT.1,4
AAATCAACAATGCC.1,2
AAATCAACACCAGT.1,1
AAATCAACCAGGAG.1,1
AAATCAACCCTATT.1,4
AAATCAACGGAAGC.1,1
AAATCAACTCGCAA.1,3
AAATCATGACCACA.1,4
AAATCCCTCCACAA.1,5
AAATCCCTGCTATG.1,2
AAATGTTGAACGAA.1,4
AAATGTTGCCACAA.1,3
AAATGTTGTGGCAT.1,4
AAATTCGAAGGTTC.1,1
AAATTCGAATCACG.1,4
AAATTCGAGCTGAT.1,4
AAATTCGAGGAGTG.1,1
AAATTCGATTCTCA.1,3
AAATTGACACGACT.1,3
AAATTGACTCGCTC.1,1
AACAAACTCATTTC.1,1
AACAAACTTTCGTT.1,1
AACAATACGACGAG.1,1
AACACGTGCAGAGG.1,1
AACACGTGGAAAGT.1,1
AACACGTGGAACCT.1,4
AACACGTGGCTACA.1,1
AACACGTGTACGAC.1,4
AACAGCACAAGAGT.1,4
AACATTGATGGGAG.1,4
AACCAGTGATACCG.1,4
AACCCAGATCGCTC.1,1
AACCGATGCTCCCA.1,1
AACCGATGGTCATG.1,2
AACCGATGTTCTAC.1,4
AACCGCCTAGCGTT.1,1
AACCGCCTCTACGA.1,4
AACCTACTGTGAGG.1,4
AACCTACTGTGTTG.1,1
AACCTTACGAGACG.1,1
AACCTTACGCGAGA.1,5
AACCTTACTAACGC.1,5
AACCTTTGGACGGA.1,1
AACCTTTGTACGCA.1,4
AACGCAACAAGTAG.1,1
AACGCATGACCCAA.1,1
AACGCATGCCTTCG.1,1
AACGCATGTACTTC.1,1
AACGCCCTCGGGAA.1,1
AACGCCCTCGTACA.1,5
AACGCCCTGCTTAG.1,5
AACGCCCTGGCATT.1,3
AACGTCGAGTATCG.1,5
AACGTGTGAAAGCA.1,1
AACGTGTGGCGGAA.1,2
AACGTGTGTCCAAG.1,1
AACGTGTGTGCTTT.1,1
AACTACCTTAGAGA.1,1
AACTCACTCAAGCT.1,4
AACTCACTTGGAGG.1,4
AACTCGGAAAGTGA.1,3
AACTCGGAAGGTCT.1,5
AACTCTTGCAGGAG.1,1
AACTGTCTCCCTTG.1,4
AACTTGCTACGCTA.1,2
AACTTGCTGGGACA.1,1
AAGAACGAGTGTTG.1,5
AAGAAGACGTAGGG.1,2
AAGACAGAAGTCTG.1,2
AAGACAGAGGATCT.1,1
AAGACAGATTACCT.1,4
AAGAGATGGGTAGG.1,2
AAGATGGAAAACAG.1,5
AAGATGGAGAACTC.1,4
AAGATGGAGATAAG.1,4
AAGATTACAACCTG.1,1
AAGATTACAGATCC.1,4
AAGATTACCCGTTC.1,4
AAGATTACCGCCTT.1,4
AAGATTACCTCAAG.1,5
AAGATTACTCCTCG.1,5
AAGCAAGAGCGAGA.1,1
AAGCAAGAGCTTAG.1,5
AAGCAAGAGGTGTT.1,5
AAGCACTGAGCAAA.1,2
AAGCACTGCATACG.1,5
AAGCACTGGTTCTT.1,2
AAGCCAACGTGTTG.1,1
AAGCCATGAACTGC.1,4
AAGCCATGACACGT.1,4
AAGCCATGCGTGAT.1,1
AAGCCATGTCTCGC.1,5
AAGCCTGACATGCA.1,3
AAGCCTGACCGAAT.1,5
AAGCGACTCCTCAC.1,4
AAGCGACTGTGTCA.1,1
AAGCGACTTACAGC.1,2
AAGCGACTTTGACG.1,4
AAGCGTACGTCTTT.1,1
AAGGCTTGCGAACT.1,3
AAGGTCACGGTTAC.1,4
AAGGTCACTGTTTC.1,2
AAGGTCACTTCCCG.1,3
AAGGTCTGACAGTC.1,1
AAGGTCTGCAGATC.1,1
AAGGTCTGGTATGC.1,5
AAGTAACTCTGAAC.1,4
AAGTAACTGAGATA.1,5
AAGTAGGATACAGC.1,5
AAGTATACCGAACT.1,1
AAGTCCGACTTGTT.1,3
AAGTCCGATAGAAG.1,1
AAGTCTCTAGTCGT.1,1
AAGTCTCTCGGAGA.1,1
AAGTGGCTTGGAGG.1,2
AAGTTCCTCATTCT.1,4
AAGTTCCTTCTTAC.1,1
AATAAGCTCGAATC.1,1
AATAAGCTCGTTGA.1,1
AATACCCTGGACGA.1,2
AATACCCTGGCATT.1,1
AATACTGAAAGGGC.1,3
AATACTGAATTGGC.1,5
AATAGGGAACCCTC.1,2
AATAGGGAGAATGA.1,3
AATCAAACTATCGG.1,1
AATCCGGAATGCTG.1,2
AATCCTACCGGTAT.1,1
AATCCTTGACGGGA.1,4
AATCCTTGGTGAGG.1,5
AATCGGTGGAACTC.1,3
AATCGGTGTGCTTT.1,3
AATCTAGAAAAGTG.1,1
AATCTAGAATCGGT.1,1
AATCTCACAGCCTA.1,4
AATCTCACTCTAGG.1,1
AATCTCTGAACAGA.1,1
AATCTCTGCTTTAC.1,3
AATGATACACCAAC.1,3
AATGATACGGTCAT.1,5
AATGCGTGACACCA.1,2
AATGCGTGGACGGA.1,2
AATGCGTGGCTATG.1,2
AATGGAGAATCGTG.1,4
AATGGAGATCCTTA.1,3
AATGGCTGACACCA.1,2
AATGGCTGCGTGAT.1,1
AATGGCTGTAAAGG.1,3
AATGGCTGTACTCT.1,3
AATGGCTGTGAAGA.1,1
AATGTAACGGTGGA.1,1
AATGTAACGTTTGG.1,3
AATGTCCTCTTCTA.1,1
AATGTTGACAGTCA.1,1
AATGTTGAGTTGAC.1,4
AATGTTGATCTACT.1,3
AATTACGAATTCCT.1,4
AATTACGACTTCTA.1,1
AATTACGAGTAGCT.1,3
AATTACGAGTGAGG.1,1
AATTACGATTGGCA.1,2
AATTCCTGCTCAGA.1,2
AATTGATGTCGCAA.1,4
AATTGTGACTTGGA.1,2
ACAAAGGAGGGTGA.1,1
ACAAATTGATTCTC.1,4
ACAAATTGCTCAGA.1,5
ACAAATTGTTGCGA.1,5
ACAACCGAGGGATG.1,3
ACAACCGAGTTACG.1,1
ACAAGAGAAGTCGT.1,4
ACAAGAGACTTATC.1,1
ACAAGAGAGTTGAC.1,2
ACAATCCTAACCGT.1,1
ACAATCCTTAGCGT.1,2
ACAATTGACTGACA.1,1
ACAATTGATGACTG.1,5
ACACAGACACCTGA.1,5
ACACAGACCATACG.1,3
ACACCAGAGGGCAA.1,3
ACACCCTGGTGTTG.1,5
ACACGAACAGTTCG.1,1
ACACGATGACGCAT.1,3
ACACGATGATGTGC.1,4
ACACGATGTCGTAG.1,1
ACACGATGTGGTCA.1,1
ACAGACACGGCATT.1,1
ACAGACACGTTGTG.1,3
ACAGCAACACCTAG.1,4
ACAGCAACCTCAAG.1,4
ACAGGTACCCCACT.1,1
ACAGGTACGCTGTA.1,3
ACAGGTACTGGTGT.1,5
ACAGTCGACCCAAA.1,5
ACAGTCGACCGATA.1,3
ACAGTGACTCACCC.1,1
ACAGTGACTCTATC.1,3
ACAGTGTGGTCACA.1,1
ACAGTGTGTTGCGA.1,4
ACATCACTCTACTT.1,4
ACATGGTGAAGCCT.1,1
ACATGGTGCAACCA.1,2
ACATGGTGCGAGTT.1,2
ACATGGTGCGTTGA.1,3
ACATTCTGGCATAC.1,1
ACATTCTGGGAACG.1,4
ACCAACGACATGCA.1,1
ACCACAGAAAGTAG.1,1
ACCACAGAGTTGGT.1,1
ACCACCTGTGTGCA.1,1
ACCACGCTACAGCT.1,1
ACCACGCTACCCAA.1,3
ACCACGCTGCGAGA.1,3
ACCACGCTGCTGTA.1,1
ACCAGCCTGACAGG.1,1
ACCAGTGAACGGTT.1,2
ACCAGTGAATACCG.1,4
ACCAGTGAGGGATG.1,1
ACCAGTGATGACTG.1,4
ACCATTACCTTCTA.1,1
ACCATTACGAGATA.1,5
ACCATTTGTCATTC.1,1
ACCCAAGAACTGTG.1,3
ACCCAAGAATTCCT.1,4
ACCCAAGAGGACAG.1,1
ACCCAAGATTCACT.1,2
ACCCACTGCGCCTT.1,4
ACCCACTGGACAGG.1,2
ACCCACTGGTTCAG.1,6
ACCCACTGTCGTAG.1,4
ACCCAGCTCAGAAA.1,1
ACCCAGCTGTTAGC.1,4
ACCCAGCTTGCTTT.1,1
ACCCGTTGATGACC.1,2
ACCCGTTGCTGCAA.1,1
ACCCGTTGCTTCTA.1,2
ACCCTCGACCTATT.1,3
ACCCTCGACGGTAT.1,2
ACCCTCGATAAGGA.1,4
ACCCTCGATCAAGC.1,5
ACCGTGCTACCAGT.1,1
ACCGTGCTGGAACG.1,3
ACCTATTGCTGAGT.1,2
ACCTATTGTGCCCT.1,4
ACCTCCGAGTCCTC.1,1
ACCTCCGATATGCG.1,1
ACCTCCGATGCTGA.1,1
ACCTCGTGAACCAC.1,3
ACCTGAGATATCGG.1,5
ACCTGGCTAAGTAG.1,5
ACCTGGCTGTCTTT.1,5
ACCTTTGACTCCCA.1,4
ACCTTTGAGGAACG.1,4
ACCTTTGAGGAAGC.1,4
ACGAACACCTTGTT.1,5
ACGAACTGGCTATG.1,5
ACGAAGCTCTCCAC.1,5
ACGAAGCTCTGAGT.1,2
ACGACCCTATCTCT.1,4
ACGACCCTGATGAA.1,1
ACGACCCTTGACAC.1,2
ACGACCCTTGACCA.1,1
ACGAGGGACAGGAG.1,4
ACGAGGGACGAACT.1,1
ACGAGGGATGTAGC.1,1
ACGAGTACCCTAAG.1,2
ACGAGTACGAATCC.1,2
ACGATCGAGGACTT.1,3
ACGATCGAGTCACA.1,4
ACGATGACAATGCC.1,3
ACGATGACTGGTCA.1,1
ACGATTCTACGGGA.1,3
ACGCAATGGTTCAG.1,3
ACGCACCTGTTAGC.1,2
ACGCCACTGAACTC.1,5
ACGCCGGAAACCAC.1,4
ACGCCGGAAAGCCT.1,1
ACGCCGGAAATGCC.1,1
ACGCCTTGCTCCCA.1,4
ACGCGGTGGCGAGA.1,1
ACGCGGTGTGTGGT.1,2
ACGCGGTGTTTGCT.1,3
ACGCTCACAGTACC.1,1
ACGCTCACCCTTGC.1,1
ACGCTGCTGTTCTT.1,5
ACGGAACTCAGATC.1,5
ACGGAACTGTCGTA.1,5
ACGGAGGACTCTTA.1,4
ACGGATTGGGAGGT.1,2
ACGGATTGGTTAGC.1,1
ACGGCTCTGAGCAG.1,3
ACGGCTCTTGCACA.1,1
ACGGTAACCGCTAA.1,3
ACGGTAACCTTCGC.1,3
ACGGTAACGGTGGA.1,5
ACGGTAACTCGCAA.1,3
ACGGTATGAGTCGT.1,4
ACGGTATGGGTATC.1,2
ACGGTATGGTTGTG.1,2
ACGGTCCTAACGGG.1,3
ACGGTCCTCGGGAA.1,1
ACGTAGACAACCAC.1,1
ACGTAGACTACAGC.1,2
ACGTCAGAAACGAA.1,1
ACGTCAGAGAGCTT.1,5
ACGTCAGAGGGATG.1,3
ACGTCCTGATAAGG.1,4
ACGTCCTGTGAACC.1,5
ACGTCGCTCCTGAA.1,5
ACGTCGCTCTATTC.1,4
ACGTCGCTTCTCAT.1,2
ACGTGATGCCATGA.1,2
ACGTGATGGGTCTA.1,1
ACGTGATGTAACCG.1,4
ACGTGATGTGACAC.1,5
ACGTGCCTCCGTAA.1,1
ACGTGCCTTCTATC.1,5
ACGTTACTTTCCAT.1,1
ACGTTGGAAAAGCA.1,1
ACGTTGGAAACCTG.1,3
ACGTTGGACCGTAA.1,4
ACGTTGGAGCCAAT.1,5
ACGTTGGATATGGC.1,2
ACGTTGGATCAGGT.1,4
ACGTTTACATCAGC.1,1
ACTAAAACCCACAA.1,3
ACTAAAACTCGACA.1,4
ACTACGGAATTTCC.1,3
ACTACGGACCTATT.1,1
ACTACGGATCGCTC.1,1
ACTACTACTAAGGA.1,1
ACTAGGTGGAACCT.1,3
ACTAGGTGGAACTC.1,1
ACTATCACCTTGGA.1,3
ACTATCACTGCCAA.1,1
ACTCAGGACTGAAC.1,1
ACTCAGGATCTATC.1,5
ACTCAGGATTCGTT.1,4
ACTCCTCTCAACTG.1,3
ACTCGCACGAAAGT.1,4
ACTCGCACTACGAC.1,4
ACTCTCCTGACACT.1,3
ACTCTCCTGCATAC.1,1
ACTCTCCTGTTTGG.1,1
ACTGAGACAACCAC.1,3
ACTGAGACCCATAG.1,4
ACTGAGACGTTGGT.1,2
ACTGCCACACACGT.1,3
ACTGCCACTCCGTC.1,5
ACTGGCCTTCAGTG.1,5
ACTGTGGACGTGTA.1,2
ACTGTGGATCTAGG.1,2
ACTGTTACCCACAA.1,4
ACTGTTACTGCAGT.1,1
ACTTAAGAACCACA.1,1
ACTTAAGACCACAA.1,1
ACTTAAGATTACTC.1,4
ACTTAGCTGCGTAT.1,4
ACTTAGCTGGGAGT.1,3
ACTTCAACAAGCAA.1,4
ACTTCAACGTAGGG.1,5
ACTTCCCTTTCCGC.1,1
ACTTCTGACATGCA.1,2
ACTTGACTCCACAA.1,2
ACTTGGGAGAAAGT.1,4
ACTTGGGAGGTTTG.1,3
ACTTGGGATGTGAC.1,5
ACTTGGGATTGACG.1,4
ACTTGTACCCGAAT.1,1
ACTTGTACCTGTCC.1,1
ACTTTGTGCGATAC.1,5
ACTTTGTGGAAAGT.1,1
ACTTTGTGGATAGA.1,4
AGAAACGAAAGTAG.1,2
AGAAAGTGCGCAAT.1,1
AGAAAGTGGGGATG.1,4
AGAACAGAAATGCC.1,5
AGAACAGACGACTA.1,2
AGAACAGAGACAAA.1,1
AGAACGCTTTGCTT.1,1
AGAAGATGTGACTG.1,3
AGAATGGAAGAAGT.1,3
AGAATTTGTAACCG.1,1
AGAATTTGTAGAGA.1,1
AGACACACTGTAGC.1,1
AGACACTGTCAAGC.1,4
AGACCTGAAGTAGA.1,4
AGACCTGACCAACA.1,1
AGACCTGAGGAAGC.1,3
AGACGTACAGAGGC.1,1
AGACGTACCCCTAC.1,2
AGACGTACCTCTTA.1,4
AGACGTACTCGTGA.1,4
AGACTGACCATCAG.1,3
AGACTGACCCTTTA.1,1
AGACTTCTCATGCA.1,2
AGAGATGACAGTCA.1,2
AGAGATGACTGAAC.1,1
AGAGATGAGGTTTG.1,4
AGAGATGATCTCGC.1,2
AGAGATGATTGTGG.1,3
AGAGCGGAGGCAAG.1,5
AGAGGTCTACAGCT.1,4
AGAGTCTGGTCGTA.1,4
AGAGTGCTCAGCTA.1,3
AGAGTGCTCGAATC.1,1
AGAGTGCTGTCATG.1,1
AGAGTGCTGTCCTC.1,3
AGAGTGCTGTGTTG.1,2
AGATATACCCGTAA.1,5
AGATATACGATGAA.1,1
AGATATACTGTTCT.1,2
AGATATTGCCTACC.1,3
AGATATTGGCCAAT.1,4
AGATCGTGTCTGGA.1,4
AGATCGTGTTTGTC.1,2
AGATCTCTATCACG.1,2
AGATTAACGTTCTT.1,4
AGATTCCTATCGTG.1,3
AGATTCCTCACTTT.1,4
AGATTCCTGACGAG.1,4
AGATTCCTGTTCAG.1,5
AGCAAAGATATGCG.1,1
AGCACAACAGTCTG.1,1
AGCACTGAGGGAGT.1,1
AGCACTGATATGCG.1,1
AGCACTGATGCTTT.1,4
AGCACTGATTGCGA.1,3
AGCATCGAAGATCC.1,3
AGCATCGAAGGGTG.1,2
AGCATCGAGCTTCC.1,4
AGCATCGAGTGAGG.1,1
AGCATCGATAACCG.1,4
AGCATGACGATGAA.1,3
AGCCAATGGGGAGT.1,4
AGCCAATGTATCTC.1,1
AGCCACCTGGATCT.1,3
AGCCGGTGCCAATG.1,1
AGCCGGTGTGTTTC.1,1
AGCCGTCTCAATCG.1,1
AGCCGTCTGAGAGC.1,1
AGCCTCACGTTCGA.1,1
AGCCTCACTGTCAG.1,4
AGCCTCTGCAGTTG.1,2
AGCCTCTGCCAATG.1,3
AGCGAACTGGATCT.1,1
AGCGAACTTACTGG.1,1
AGCGATACGGAGCA.1,1
AGCGATTGAGATCC.1,5
AGCGCCGAATCTCT.1,1
AGCGCCGACAGAGG.1,1
AGCGCTCTACCTTT.1,3
AGCGGCACCGGGAA.1,1
AGCGGCTGATGTGC.1,1
AGCGGGCTTGCCAA.1,1
AGCGTAACATGCTG.1,1
AGCGTAACTGAGAA.1,4
AGCTCGCTACTGGT.1,1
AGCTCGCTCTGCTC.1,1
AGCTGAACCATACG.1,4
AGCTGAACCTCTCG.1,1
AGCTGCCTTGGGAG.1,5
AGCTGCCTTTCATC.1,3
AGCTGCCTTTCTGT.1,3
AGCTGTGATCCAAG.1,1
AGCTTTACAAGTAG.1,1
AGCTTTACACCAAC.1,3
AGCTTTACTCTCAT.1,2
AGGAAATGAGGAGC.1,3
AGGAACCTCTTAGG.1,4
AGGAACCTTGCCTC.1,3
AGGAATGATAACGC.1,1
AGGAATGATTTGTC.1,1
AGGAGTCTGGTTTG.1,1
AGGAGTCTTGTCAG.1,1
AGGATAGACATTTC.1,1
AGGATAGAGGATTC.1,3
AGGATGCTACTAGC.1,5
AGGATGCTTTAGGC.1,5
AGGCAACTGAAGGC.1,1
AGGCAGGAGTACCA.1,1
AGGCCTCTAGTCGT.1,1
AGGCCTCTCGGAGA.1,1
AGGCCTCTCGTAAC.1,1
AGGGACGACGTTGA.1,1
AGGGACGAGTCAAC.1,5
AGGGACGAGTTGTG.1,1
AGGGACGATAGAGA.1,1
AGGGACGATGCATG.1,3
AGGGAGTGAGCCTA.1,5
AGGGCCACCATACG.1,1
AGGGCGCTAACCAC.1,4
AGGGCGCTATGGTC.1,3
AGGGTGGACAGTCA.1,2
AGGGTGGACTCAAG.1,4
AGGGTGGAGTTGCA.1,3
AGGGTTTGTTCATC.1,4
AGGTCATGAGTGTC.1,2
AGGTCATGCTTATC.1,3
AGGTCTGATTCTCA.1,4
AGGTGGGAAGAATG.1,1
AGGTGGGAAGTTCG.1,1
AGGTGTTGGTTACG.1,2
AGGTTCGAACCTCC.1,4
AGGTTCGAACGTAC.1,3
AGGTTCGAGGGTGA.1,1
AGTAAGGAGTTTGG.1,3
AGTAAGGATTCTTG.1,1
AGTAATACATCACG.1,3
AGTAATACCGAACT.1,5
AGTAATTGTCCCAC.1,3
AGTACGTGAGGGTG.1,1
AGTACGTGCTGCAA.1,1
AGTACGTGCTTGGA.1,1
AGTACTCTACGTGT.1,2
AGTACTCTCAACCA.1,3
AGTACTCTCGGTAT.1,3
AGTAGGCTTGCCTC.1,4
AGTATAACTTGTCT.1,4
AGTATCCTAGAACA.1,1
AGTCACGATGAGCT.1,4
AGTCAGACGAATAG.1,1
AGTCAGACGCTTAG.1,1
AGTCAGACTAGAGA.1,3
AGTCAGACTGCACA.1,1
AGTCCAGATATCTC.1,1
AGTCCAGATTTCAC.1,1
AGTCGAACCAACCA.1,1
AGTCGCCTCCGTAA.1,1
AGTCTACTAGGGTG.1,5
AGTCTACTTGCATG.1,4
AGTCTTACACCACA.1,1
AGTCTTACTTCGCC.1,3
AGTCTTACTTCGGA.1,6
AGTGACTGCAACTG.1,4
AGTGTTCTAACCTG.1,1
AGTGTTCTATAAGG.1,1
AGTGTTCTCACTTT.1,4
AGTTAAACCACTTT.1,1
AGTTATGAACAGTC.1,4
AGTTATGACTGAGT.1,1
AGTTATGAGTTCAG.1,1
AGTTCTACCAGCTA.1,5
AGTTCTTGAAGCCT.1,3
AGTTGTCTACTACG.1,1
AGTTTAGATGGTCA.1,1
AGTTTCACGGTCTA.1,5
AGTTTGCTACAGTC.1,1
AGTTTGCTACTGGT.1,1
AGTTTGCTCCAAGT.1,1
ATAAACACAGTGCT.1,2
ATAAACACCACCAA.1,1
ATAACAACATGCTG.1,4
ATAACAACGTCTAG.1,1
ATAACAACTTTGTC.1,1
ATAACATGTACTCT.1,3
ATAACCCTGTTGGT.1,1
ATAACCCTTGGTAC.1,1
ATAAGTACGAATGA.1,2
ATAAGTTGGTACGT.1,4
ATAAGTTGTCTAGG.1,1
ATAATCGAGCTGAT.1,2
ATAATCGATGGTTG.1,1
ATAATGACCTACTT.1,3
ATAATGACTCGTGA.1,4
ATACAATGTTAGGC.1,1
ATACCACTCGTACA.1,4
ATACCACTCTAAGC.1,4
ATACCACTGCCAAT.1,3
ATACCGGAATGCTG.1,4
ATACCGGACATTTC.1,4
ATACCGGACTTCGC.1,1
ATACCGGAGGTGTT.1,4
ATACCGGATCTCGC.1,1
ATACCTACGCATCA.1,1
ATACCTTGGGGCAA.1,1
ATACGGACAGACTC.1,5
ATACGGACCTACTT.1,5
ATACGGACGAGGTG.1,2
ATACGGACTATGCG.1,2
ATACGGACTCTGGA.1,4
ATACGTCTTAACGC.1,4
ATACTCTGCTTCGC.1,4
ATACTCTGGTATGC.1,5
ATAGATACCATGGT.1,1
ATAGATACGACGAG.1,1
ATAGATTGGTGTAC.1,2
ATAGCCGAACGGAG.1,1
ATAGCGTGCAGATC.1,1
ATAGCGTGCCCTTG.1,4
ATAGCGTGGTATCG.1,4
ATAGCGTGTCTCTA.1,1
ATAGCTCTCTGATG.1,1
ATAGCTCTGAGGTG.1,1
ATAGGAGAAACAGA.1,4
ATAGGCTGTCAGAC.1,1
ATAGTCCTAGTGTC.1,4
ATAGTCCTTGCATG.1,3
ATAGTCCTTGTCGA.1,1
ATAGTTGACAACTG.1,1
ATAGTTGACCCTCA.1,4
ATAGTTGAGACGTT.1,1
ATAGTTGATAAGCC.1,1
ATATACGAAGCCAT.1,1
ATATACGAATTGGC.1,1
ATATAGTGGAATGA.1,4
ATATGCCTAGATCC.1,5
ATATGCCTGGACAG.1,1
ATATGCCTTCTCTA.1,1
ATATGCCTTGGTAC.1,1
ATCAAATGAGCCTA.1,4
ATCAAATGGGTAAA.1,4
ATCAACCTAAACGA.1,1
ATCAACCTGAGGAC.1,1
ATCAACCTTCTCTA.1,3
ATCAACCTTTGTCT.1,1
ATCACACTTTGTCT.1,1
ATCACGGATTGCTT.1,5
ATCACGGATTTCGT.1,2
ATCATCTGACACCA.1,6
ATCATGCTAGAGTA.1,1
ATCATGCTGAACCT.1,2
ATCCAGGACGCTAA.1,4
ATCCAGGATGGAAA.1,3
ATCCATACTCCTTA.1,4
ATCCATACTTCATC.1,4
ATCCCGTGCAGTCA.1,5
ATCCCGTGCATGCA.1,2
ATCCCGTGGCTGAT.1,2
ATCCGCACGCATCA.1,2
ATCCTAACGACGGA.1,2
ATCCTAACGCTACA.1,3
ATCGACGAAACTGC.1,4
ATCGACGAATGACC.1,1
ATCGAGTGGACGTT.1,3
ATCGCAGAATCTCT.1,4
ATCGCAGAGTGTCA.1,2
ATCGCCACTGAGGG.1,3
ATCGCCTGGGTCAT.1,1
ATCGCCTGTGGCAT.1,2
ATCGCGCTCAGAGG.1,4
ATCGCGCTGGGATG.1,1
ATCGCGCTTTTCGT.1,2
ATCGGAACCAGTCA.1,1
ATCGGTGAGTCAAC.1,1
ATCGGTGATTGCAG.1,1
ATCGTTTGCCTACC.1,4
ATCGTTTGGGTACT.1,4
ATCGTTTGTGCCAA.1,5
ATCTACACCCGCTT.1,5
ATCTACACCGGGAA.1,1
ATCTCAACAGGAGC.1,2
ATCTCAACCTCGAA.1,5
ATCTCAACCTTGTT.1,4
ATCTGGGAAACCAC.1,5
ATCTGGGAAGTGTC.1,4
ATCTGGGATTCCGC.1,1
ATCTGTTGAACGGG.1,3
ATCTGTTGACCTCC.1,1
ATCTGTTGCCTTCG.1,4
ATCTGTTGGTTGCA.1,1
ATCTTGACACCAAC.1,1
ATCTTGACCTCCCA.1,4
ATCTTTCTGCATCA.1,3
ATCTTTCTGTTTCT.1,1
ATCTTTCTTGTCCC.1,5
ATGAAACTCTGTGA.1,1
ATGAAACTGAGGCA.1,1
ATGAAGGAACAGCT.1,3
ATGAAGGACCTGTC.1,2
ATGAAGGACCTTAT.1,2
ATGAAGGACTAGTG.1,1
ATGAAGGACTTGCC.1,5
ATGACGTGACGACT.1,2
ATGACGTGATCGGT.1,4
ATGAGAGAAAGTGA.1,1
ATGAGAGAACGCAT.1,1
ATGAGAGAAGTAGA.1,2
ATGAGCACACAGCT.1,1
ATGAGCACATCTTC.1,1
ATGATAACTTCACT.1,5
ATGATATGAAACAG.1,1
ATGATATGACTGGT.1,1
ATGATATGAGCACT.1,1
ATGATATGGTCATG.1,1
ATGATATGGTGCTA.1,3
ATGATATGTTGTCT.1,4
ATGCACGAATGTCG.1,2
ATGCACGACTGTAG.1,3
ATGCACGAGAACCT.1,2
ATGCACGAGTTCGA.1,1
ATGCACGATTGGTG.1,4
ATGCAGTGTTACCT.1,2
ATGCAGTGTTCTAC.1,1
ATGCCAGAACGACT.1,1
ATGCCAGACAGTCA.1,5
ATGCCGCTTGAACC.1,4
ATGCGATGCTATGG.1,4
ATGCGATGCTGAGT.1,1
ATGCGATGGTTACG.1,2
ATGCGCCTTCATTC.1,1
ATGCTTTGCGAATC.1,3
ATGCTTTGGGCGAA.1,1
ATGCTTTGTAGTCG.1,2
ATGGACACATCGGT.1,1
ATGGACACGCATCA.1,5
ATGGGTACAACCTG.1,5
ATGGGTACATCGGT.1,5
ATGGGTACTATTCC.1,3
ATGGGTACTGGGAG.1,1
ATGTAAACACCTCC.1,1
ATGTAAACCCGCTT.1,1
ATGTAAACGGGATG.1,4
ATGTAAACTCTCCG.1,1
ATGTAAACTTCACT.1,4
ATGTACCTCAGTCA.1,1
ATGTACCTTAGTCG.1,1
ATGTACCTTTATCC.1,4
ATGTACCTTTCACT.1,3
ATGTCACTAATGCC.1,4
ATGTCACTCTGCTC.1,2
ATGTCGGAGGTGAG.1,1
ATGTTCACAGTCTG.1,4
ATGTTCACCGTAGT.1,1
ATGTTGCTTTCAGG.1,1
ATTAACGATGAGAA.1,5
ATTAACGATGCAAC.1,3
ATTAAGACTGCAGT.1,1
ATTACCTGCCTTAT.1,4
ATTACCTGGAGGAC.1,4
ATTACCTGGGCATT.1,5
ATTAGATGTTTCAC.1,1
ATTATGGAATCTCT.1,1
ATTCAAGAACGGGA.1,1
ATTCAAGACCTTTA.1,1
ATTCAGCTCATTGG.1,6
ATTCCAACCATTGG.1,4
ATTCCAACTTAGGC.1,3
ATTCGACTCACTAG.1,5
ATTCGACTGAATAG.1,4
ATTCGACTTTTGTC.1,5
ATTCGGGAAAGGCG.1,4
ATTCGGGATTAGGC.1,1
ATTCTTCTGATACC.1,3
ATTGAATGGACGGA.1,1
ATTGATGAAGGTTC.1,1
ATTGATGACTGAGT.1,1
ATTGATGAGCGAAG.1,1
ATTGATGATCTATC.1,1
ATTGCACTGACGGA.1,1
ATTGCACTGAGAGC.1,4
ATTGCACTGGAGCA.1,4
ATTGCACTTAGCCA.1,1
ATTGCACTTGCTTT.1,4
ATTGCTTGTTACTC.1,2
ATTGGTCTGACTAC.1,2
ATTGGTCTTGTCTT.1,5
ATTGTAGATTCCCG.1,4
ATTGTAGATTGCAG.1,1
ATTGTCTGCGTACA.1,1
ATTTAGGAACCATG.1,4
ATTTAGGACAGAGG.1,3
ATTTCCGAGATGAA.1,1
ATTTCCGAGTGCTA.1,3
ATTTCGTGTATGGC.1,3
ATTTCTCTACTTTC.1,4
ATTTCTCTAGCAAA.1,3
ATTTCTCTCACTTT.1,4
ATTTCTCTTCCCAC.1,1
ATTTGCACAAGATG.1,4
CAAAGCACAGCTCA.1,1
CAAAGCACCGTAAC.1,2
CAAAGCACGGTAAA.1,5
CAAAGCTGAAAGTG.1,5
CAAAGCTGTTGCTT.1,4
CAAATATGTGACAC.1,1
CAAATTGAGGGCAA.1,1
CAAATTGATGGAGG.1,5
CAACCAGAAAAGTG.1,1
CAACCAGAAGTGCT.1,1
CAACCAGAGTTCAG.1,4
CAACCAGATAGAAG.1,5
CAACCGCTGTTCAG.1,1
CAACCGCTTTGAGC.1,1
CAACGATGCGCAAT.1,4
CAACGTGACTCCAC.1,4
CAACGTGAGCCATA.1,3
CAACGTGATCAAGC.1,4
CAAGAAGACCACAA.1,3
CAAGAAGACGTCTC.1,4
CAAGAAGATTCTAC.1,1
CAAGACTGACCTGA.1,2
CAAGACTGAGTAGA.1,2
CAAGCTGACCATAG.1,4
CAAGCTGATCTATC.1,3
CAAGGACTGTTCAG.1,1
CAAGGACTTCTTTG.1,3
CAAGGTTGCTCCAC.1,3
CAAGGTTGTCATTC.1,2
CAAGGTTGTCTGGA.1,5
CAAGTCGAAACAGA.1,1
CAAGTCGATAGCGT.1,4
CAATAAACGCCATA.1,5
CAATAATGAACTGC.1,4
CAATATGACATGGT.1,1
CAATATGACCTTCG.1,5
CAATATGACGTTAG.1,1
CAATATGAGGAGCA.1,1
CAATCGGAGAAACA.1,1
CAATCTACTGACTG.1,5
CAATTCACCCAACA.1,3
CAATTCACGATAGA.1,1
CAATTCACTTGTGG.1,1
CAATTCTGCTTGTT.1,4
CAATTCTGGCGTAT.1,5
CACAACGATACGAC.1,1
CACAATCTTGTTCT.1,2
CACAATCTTTCCAT.1,1
CACACCTGCTTGAG.1,1
CACACCTGTATGGC.1,1
CACAGAACCCTTGC.1,3
CACAGAACCTGATG.1,1
CACAGATGGGATTC.1,1
CACAGATGGTTTCT.1,4
CACAGCCTGATACC.1,3
CACAGCCTTGCCAA.1,5
CACAGCCTTGTAGC.1,1
CACAGTGATGAAGA.1,4
CACATACTACAGCT.1,3
CACATGGAACACGT.1,1
CACATGGAAGTCGT.1,1
CACCACTGCCAACA.1,1
CACCACTGGCGAAG.1,3
CACCCATGTTCTGT.1,5
CACCGGGAATCGAC.1,1
CACCGGGACGAGAG.1,3
CACCGGGACGTGTA.1,1
CACCGGGACTTCTA.1,5
CACCGGGACTTGCC.1,3
CACCGGGATTCGGA.1,3
CACCGTACTAAGGA.1,2
CACCGTACTAGCGT.1,1
CACCTGACACCCAA.1,3
CACCTGACCAGAAA.1,1
CACCTGACCTCAAG.1,3
CACCTGACGAAAGT.1,2
CACCTGACTCGTAG.1,1
CACGAAACTTCCGC.1,2
CACGACCTCGATAC.1,2
CACGCTACAGAAGT.1,5
CACGCTACTGTTCT.1,2
CACGCTACTTGACG.1,4
CACGGGACAGAGTA.1,1
CACGGGACATAAGG.1,1
CACGGGACGTAGGG.1,1
CACGGGTGCTTCGC.1,3
CACGGGTGGAGGAC.1,3
CACGGGTGTGTTTC.1,3
CACTAACTCCTAAG.1,2
CACTAACTGAAAGT.1,1
CACTAGGATGATGC.1,2
CACTATACCCCGTT.1,2
CACTATACGTTTGG.1,1
CACTGAGACAGTCA.1,5
CACTGCACTTCATC.1,1
CACTGCTGAGACTC.1,4
CACTGCTGGAAAGT.1,1
CACTTAACCGAATC.1,1
CACTTAACCGTACA.1,2
CACTTTGACTCTAT.1,3
CACTTTGAGCTGTA.1,3
CAGAAGCTCTCAAG.1,1
CAGACATGAACGGG.1,1
CAGACATGTCGACA.1,1
CAGACCCTAAGGTA.1,4
CAGACCCTAATGCC.1,1
CAGACCCTAGGAGC.1,1
CAGACTGAGTATGC.1,1
CAGATCGAATGTCG.1,2
CAGATCGACCTGAA.1,1
CAGATCGATATGGC.1,1
CAGATGACATTCTC.1,5
CAGCAATGCCTTCG.1,1
CAGCAATGGAGGGT.1,5
CAGCAATGGTGCTA.1,3
CAGCAATGTCTACT.1,4
CAGCAATGTGACCA.1,1
CAGCAATGTGAGGG.1,4
CAGCACCTAAGCCT.1,1
CAGCACCTAGGCGA.1,1
CAGCACCTGTAGGG.1,4
CAGCATGACAACCA.1,4
CAGCATGAGACGTT.1,1
CAGCCTACCCAACA.1,1
CAGCCTTGCTACCC.1,4
CAGCCTTGGGGACA.1,1
CAGCGGACACCCTC.1,1
CAGCGGACCTTTAC.1,3
CAGCGTCTAAAGCA.1,1
CAGCGTCTTATCGG.1,1
CAGCTAGATGTGAC.1,5
CAGCTCTGAGGCGA.1,3
CAGCTCTGCAAGCT.1,3
CAGCTCTGTCGTAG.1,4
CAGCTCTGTGTGGT.1,5
CAGGAACTAACTGC.1,3
CAGGAACTCTCAGA.1,4
CAGGCCGAACACCA.1,3
CAGGCCGAACACGT.1,1
CAGGCCGAACGACT.1,3
CAGGCCGAATCTCT.1,4
CAGGCCGACTAGCA.1,2
CAGGGCACCATACG.1,2
CAGGGCACCCAACA.1,1
CAGGGCACTCCCGT.1,1
CAGGTAACAGACTC.1,4
CAGGTATGAGTCGT.1,1
CAGGTATGTGCTTT.1,1
CAGGTTGAGGATCT.1,2
CAGTGATGGACGGA.1,2
CAGTGATGGCTAAC.1,5
CAGTGATGGGACAG.1,1
CAGTGATGTAAGGA.1,2
CAGTGATGTACGCA.1,1
CAGTGTGAACACGT.1,5
CAGTGTGATGTCAG.1,1
CAGTTACTAAGGTA.1,2
CAGTTACTGATAGA.1,1
CAGTTGGAAAGAGT.1,4
CAGTTGGACATACG.1,1
CAGTTTACACACGT.1,3
CAGTTTACCCCAAA.1,1
CATAAAACGGAGCA.1,4
CATAAATGAACTGC.1,1
CATAACCTTCTCCG.1,1
CATACTACCTCGAA.1,1
CATACTACCTGAAC.1,1
CATACTACGTACCA.1,4
CATACTTGGGTTAC.1,3
CATAGTCTAATCGC.1,1
CATAGTCTCACTTT.1,1
CATATAGACTAAGC.1,4
CATATAGATCAGGT.1,2
CATCAACTAGAAGT.1,1
CATCAACTCCCTCA.1,1
CATCAGGACTTCCG.1,5
CATCAGGATAGCCA.1,5
CATCAGGATCCTAT.1,4
CATCAGGATGCACA.1,4
CATCAGGATTTCGT.1,5
CATCATACCGCATA.1,4
CATCATACGGAGCA.1,2
CATCATACTCAAGC.1,1
CATCGCTGGGATCT.1,1
CATCGCTGTGGCAT.1,2
CATCGGCTATGCTG.1,1
CATCGGCTTTGGCA.1,1
CATCTCCTATGTGC.1,2
CATCTCCTCGAACT.1,4
CATGAGACACGGGA.1,2
CATGAGACGTTGAC.1,5
CATGAGACTCGCCT.1,1
CATGCCACGGGTGA.1,1
CATGCCACTGCCAA.1,1
CATGCGCTAGTCAC.1,4
CATGCGCTCAGATC.1,4
CATGCGCTTTGCAG.1,4
CATGGCCTAGGGTG.1,5
CATGGCCTGTGCAT.1,1
CATGTACTATCGTG.1,3
CATGTTACAGTCGT.1,3
CATGTTACCTGAGT.1,1
CATGTTTGGGGATG.1,4
CATTACACACGGAG.1,2
CATTACACCAACTG.1,5
CATTACACGGAGTG.1,1
CATTACACTACTCT.1,1
CATTAGCTCCACAA.1,4
CATTGACTAGCGGA.1,5
CATTGGGACTCGAA.1,1
CATTGTACAGCGTT.1,1
CATTGTACTCGATG.1,2
CATTGTACTTATCC.1,1
CATTGTACTTTGCT.1,4
CATTGTTGCTAGTG.1,1
CATTTCGACTCTAT.1,3
CATTTCGAGATACC.1,5
CATTTGACCACACA.1,3
CATTTGACCCTGAA.1,2
CATTTGTGACGACT.1,2
CATTTGTGCATTGG.1,1
CATTTGTGCGGAGA.1,1
CATTTGTGGGATCT.1,2
CCAAAGTGCTACGA.1,4
CCAAAGTGTGAGAA.1,5
CCAACCTGAAGTAG.1,3
CCAACCTGACGTAC.1,4
CCAACCTGTTCGCC.1,4
CCAAGAACCCAATG.1,1
CCAAGAACGTAGCT.1,1
CCAAGAACGTGTCA.1,1
CCAAGAACTACTGG.1,3
CCAAGAACTCCTAT.1,5
CCAAGATGTCATTC.1,1
CCAAGATGTTTCAC.1,3
CCAAGTGAGGAACG.1,1
CCAAGTGATCAAGC.1,1
CCAATGGAACAGCT.1,4
CCAATTTGAACGTC.1,4
CCACCATGAACGTC.1,1
CCACCATGATCGGT.1,1
CCACCATGGACGAG.1,4
CCACCATGGGGAGT.1,1
CCACCATGTCCTGC.1,3
CCACTGACCCGCTT.1,4
CCACTGTGGGAAGC.1,4
CCACTGTGTGTAGC.1,1
CCACTTCTCGGGAA.1,4
CCAGAAACCCTGTC.1,2
CCAGAAACGAACTC.1,1
CCAGAAACGGTCTA.1,1
CCAGACCTCTGAGT.1,4
CCAGACCTTGTGGT.1,1
CCAGCACTGCGATT.1,4
CCAGCGGAAAGGCG.1,4
CCAGCGGACGACTA.1,4
CCAGCGGATGGGAG.1,1
CCAGCTACACAGTC.1,1
CCAGCTACCAGCTA.1,2
CCAGGTCTACACCA.1,2
CCAGGTCTAGCATC.1,4
CCAGGTCTATGGTC.1,1
CCAGTCACACTGGT.1,4
CCAGTCACACTGTG.1,2
CCAGTCACGTTGTG.1,1
CCAGTCTGCGGAGA.1,4
CCAGTGCTAACCAC.1,1
CCAGTGCTCGTAGT.1,1
CCATCCGAAAGCAA.1,1
CCATCCGAACGACT.1,5
CCATCCGAAGGTTC.1,5
CCATCCGATTCGCC.1,5
CCATCGTGAACGGG.1,3
CCATCGTGCTAGAC.1,4
CCCAACACCTCGCT.1,2
CCCAACACGCATCA.1,1
CCCAACACTTTGTC.1,4
CCCAACTGCAATCG.1,4
CCCAGACTGCCTTC.1,5
CCCAGACTGGTTTG.1,2
CCCAGACTTTCGCC.1,4
CCCAGTTGCAGTTG.1,4
CCCAGTTGGGTACT.1,3
CCCAGTTGTCTATC.1,2
CCCGATTGTGTTTC.1,1
CCCGGAGAAGGGTG.1,5
CCCTACGAATTGGC.1,5
CCCTAGTGCAAAGA.1,1
CCCTCAGACACTTT.1,2
CCCTCAGACGAGAG.1,1
CCCTCAGAGGTCAT.1,1
CCCTGAACTAAAGG.1,2
CCCTGATGCAACCA.1,1
CCCTGATGCAAGCT.1,2
CCCTTACTAACCAC.1,4
CCCTTACTGCAGTT.1,3
CCGAAAACCTTGTT.1,4
CCGACACTGGTTTG.1,1
CCGACTACCCAGTA.1,4
CCGACTACCGTGTA.1,1
CCGACTACTGAGGG.1,3
CCGATAGACCTAAG.1,1
CCGATAGAGTTGGT.1,4
CCGCGAGACACACA.1,4
CCGCGAGAGGTTCA.1,3
CCGCTATGGGACGA.1,2
CCGCTATGTGCAAC.1,4
CCGCTATGTGCACA.1,4
CCGGTACTGTCCTC.1,1
CCGTACACAAGCAA.1,1
CCGTACACAGCGTT.1,2
CCGTACACGTCATG.1,3
CCGTACACGTTGGT.1,4
CCGTACACTAACGC.1,3
CCTAAACTTTCGTT.1,1
CCTAAGGACCCAAA.1,1
CCTAAGGACTAGCA.1,4
CCTAAGGAGGGCAA.1,5
CCTAAGGATGATGC.1,1
CCTAAGGATGTCAG.1,1
CCTACCGACTCTTA.1,1
CCTACCGAGGGATG.1,2
CCTAGAGAGGTGAG.1,2
CCTATAACCAAAGA.1,1
CCTATAACGAGACG.1,4
CCTATAACTCAGAC.1,1
CCTATAACTGCATG.1,4
CCTCGAACACTTTC.1,5
CCTCGAACCCGTAA.1,5
CCTCGAACGTATCG.1,1
CCTCGAACTTACTC.1,1
CCTCTACTCTTCGC.1,4
CCTCTACTGGCATT.1,1
CCTGACTGAAGTAG.1,3
CCTGACTGGGGAGT.1,1
CCTGACTGTGTCTT.1,2
CCTGCAACACGTTG.1,5
CCTGGACTCGTGAT.1,3
CCTTAATGCCCAAA.1,2
CCTTAATGTTCTAC.1,4
CCTTCACTACGACT.1,1
CCTTCACTCAGTCA.1,2
CCTTCACTGGAGTG.1,4
CCTTTAGATTCATC.1,4
CGAACATGCCCTAC.1,4
CGAACATGTCAGAC.1,3
CGAAGACTGGAACG.1,3
CGAAGACTGTTACG.1,3
CGAAGGGAAACCTG.1,3
CGAAGGGATCCGAA.1,2
CGAAGTACCAACTG.1,2
CGAATCGAGGAGCA.1,5
CGAATCGAGGAGGT.1,1
CGACAAACCCATAG.1,1
CGACAAACCGACAT.1,2
CGACCACTAAAGTG.1,5
CGACCACTGCCAAT.1,5
CGACCGGAAGGTCT.1,1
CGACCGGATGGAAA.1,1
CGACCTTGCTAGTG.1,3
CGACCTTGGCAAGG.1,5
CGACGTCTATCGTG.1,1
CGACGTCTCGTGTA.1,1
CGACGTCTGAGGCA.1,1
CGACTCACGTCGTA.1,1
CGACTCACGTTGCA.1,3
CGACTCTGTGTGAC.1,1
CGACTGCTTCCTCG.1,5
CGAGAACTAAGGCG.1,3
CGAGAACTACGTTG.1,1
CGAGAACTTGTTCT.1,4
CGAGATTGGACACT.1,3
CGAGATTGGCCATA.1,5
CGAGCCGAACACCA.1,1
CGAGCCGACGACAT.1,3
CGAGCCGAGGCGAA.1,1
CGAGCGTGCTCCAC.1,1
CGAGCGTGGATACC.1,1
CGAGCGTGTATGCG.1,4
CGAGGAGACCTCCA.1,2
CGAGGAGATGTCGA.1,1
CGAGGCACCTATGG.1,3
CGAGGCACTATGCG.1,4
CGAGGCACTCTTCA.1,3
CGAGGCTGACGCTA.1,3
CGAGGCTGGCAGTT.1,4
CGAGGGCTACGACT.1,2
CGAGGGCTCGAATC.1,1
CGAGTATGTCACCC.1,4
CGATACGAACAGTC.1,4
CGATACGACAGGAG.1,4
CGATACGATTCACT.1,2
CGATAGACCCGTAA.1,4
CGATAGACCGTACA.1,3
CGATAGACGTAGGG.1,4
CGATAGACTGTTCT.1,1
CGATCAGAAGAACA.1,3
CGATCAGAGAGGGT.1,1
CGATCAGAGGTACT.1,1
CGATCAGATGTGAC.1,4
CGATCCACCGGGAA.1,3
CGATCCACTTCCAT.1,5
CGCAAATGCTCGAA.1,3
CGCAACCTCCTTGC.1,1
CGCAACCTGGACGA.1,1
CGCACGGAGGACGA.1,2
CGCACGGATCTTTG.1,1
CGCACTACAGAATG.1,1
CGCACTACAGCCAT.1,1
CGCACTACATTGGC.1,1
CGCACTACTCGCCT.1,2
CGCACTACTCGTGA.1,3
CGCACTTGTCACGA.1,4
CGCAGGACAGATCC.1,3
CGCAGGACCTACTT.1,1
CGCAGGACTTGTCT.1,5
CGCAGGTGCACTGA.1,1
CGCAGGTGCCATAG.1,4
CGCAGGTGGGAACG.1,4
CGCATAGATCACGA.1,5
CGCCATACTGCAAC.1,1
CGCCATTGAGAGGC.1,1
CGCCATTGCTATGG.1,1
CGCCATTGGAGACG.1,1
CGCCATTGGAGCAG.1,2
CGCCATTGTACTGG.1,2
CGCCGAGAGCTTAG.1,3
CGCCTAACGAATGA.1,4
CGCCTAACTGCTCC.1,1
CGCGAGACACAGCT.1,3
CGCGAGACAGGTCT.1,2
CGCGAGACGCTACA.1,1
CGCGATCTCAGTCA.1,4
CGCGATCTGTTGAC.1,4
CGCGATCTTTCTTG.1,2
CGCGGATGGCCAAT.1,3
CGCTAAGAATGTCG.1,3
CGCTAAGACAACTG.1,1
CGCTAAGACCCTTG.1,1
CGCTACTGAACAGA.1,4
CGCTACTGAGAACA.1,1
CGCTACTGTGAGCT.1,1
CGCTACTGTTCCCG.1,3
CGCTCATGCATTTC.1,4
CGGAATTGCACTAG.1,5
CGGAATTGGTTTGG.1,3
CGGAATTGTGGAGG.1,3
CGGACCGATGCGTA.1,3
CGGACCGATGGGAG.1,1
CGGACTCTAAACAG.1,2
CGGACTCTCCAATG.1,1
CGGACTCTCCTCGT.1,5
CGGAGGCTATTCCT.1,5
CGGAGGCTTGGATC.1,1
CGGATAACAACGAA.1,4
CGGATAACAGCTCA.1,1
CGGATAACTCAGTG.1,5
CGGCACGAACTCAG.1,1
CGGCACGAAGGGTG.1,1
CGGCACGACTACGA.1,4
CGGCATCTTAGAAG.1,1
CGGCATCTTCGTAG.1,4
CGGCCAGAAAGGTA.1,1
CGGCCAGAGAGGCA.1,3
CGGCGAACCAGTCA.1,4
CGGCGAACGACAAA.1,5
CGGCGAACGGTCTA.1,1
CGGCGAACTACTTC.1,5
CGGGACTGCGTGTA.1,1
CGGGACTGGAATAG.1,3
CGGGCATGACCCAA.1,5
CGGGCATGTCTCTA.1,3
CGGGCATGTTGTGG.1,1
CGGTAAACTCGCAA.1,3
CGGTCACTGTTTGG.1,1
CGGTCACTTACTTC.1,1
CGTAACGAATCAGC.1,1
CGTAACGATCGCCT.1,1
CGTACCACACACAC.1,1
CGTACCACACGTTG.1,1
CGTACCACCTCATT.1,1
CGTACCACGCTACA.1,1
CGTACCACGGAGCA.1,1
CGTACCTGGACGAG.1,5
CGTACCTGGCATCA.1,5
CGTAGCCTCTCTCG.1,4
CGTAGCCTGCGAAG.1,1
CGTAGCCTGTATGC.1,4
CGTCAAGAAAGGTA.1,5
CGTCAAGAACGTGT.1,1
CGTCAAGACAGAGG.1,1
CGTCAAGACAGGAG.1,3
CGTCCATGCTCTTA.1,1
CGTCGACTTTCCGC.1,3
CGTGATGACGCTAA.1,5
CGTGATGAGGTTCA.1,3
CGTGCACTTATGGC.1,4
CGTGTAGAAAAACG.1,3
CGTGTAGACGATAC.1,3
CGTGTAGAGTTACG.1,5
CGTGTAGAGTTCAG.1,4
CGTGTAGATTCGGA.1,5
CGTTAGGAAACCAC.1,3
CGTTAGGATCATTC.1,4
CGTTATACCCTGAA.1,3
CGTTTAACTGGTCA.1,1
CTAAACCTCTGACA.1,5
CTAAACCTGTGCAT.1,2
CTAACACTAACGTC.1,1
CTAACACTAGTGCT.1,4
CTAACGGAACCGAT.1,5
CTAACGGATTTCTG.1,1
CTAACTACGGCAAG.1,3
CTAAGGACACCATG.1,1
CTAAGGACCGTTAG.1,1
CTAAGGACGCCATA.1,4
CTAAGGTGCCTAAG.1,2
CTAAGGTGTTGCAG.1,1
CTAAGGTGTTTCTG.1,3
CTAATAGAGCTATG.1,5
CTAATGCTTGTGGT.1,4
CTACAACTCCCGTT.1,3
CTACCTCTCAACCA.1,1
CTACGCACACCTAG.1,4
CTACGCACTCTCCG.1,1
CTACGCACTGGTCA.1,4
CTACGGCTTTCTTG.1,4
CTACTATGAACCAC.1,4
CTACTATGATGTGC.1,3
CTACTATGCTAAGC.1,1
CTACTATGTAAAGG.1,2
CTACTCCTATGTCG.1,5
CTACTCCTGCCATA.1,5
CTAGAGACACTTTC.1,1
CTAGAGACAGCATC.1,3
CTAGAGACTTTGGG.1,4
CTAGATCTCTCTAT.1,1
CTAGATCTTCGACA.1,1
CTAGGATGAGCCTA.1,2
CTAGGATGATCGTG.1,2
CTAGGCCTCTCAGA.1,1
CTAGGTGATGGTTG.1,4
CTAGTTACCAGAGG.1,1
CTAGTTACCGCATA.1,3
CTAGTTACGAAACA.1,5
CTAGTTTGAGTACC.1,3
CTATAAGATCGTTT.1,2
CTATACTGAGGTTC.1,5
CTATACTGCCAGTA.1,1
CTATACTGCGCTAA.1,4
CTATACTGCTACGA.1,5
CTATACTGTCTCAT.1,5
CTATACTGTTCGTT.1,1
CTATAGCTGTCACA.1,1
CTATAGCTTCGCTC.1,4
CTATAGCTTGCCTC.1,4
CTATCAACGAACTC.1,1
CTATCAACGCAGAG.1,1
CTATCAACTTTGGG.1,1
CTATCCCTCCACCT.1,4
CTATGTACGAGAGC.1,1
CTATGTACGCTTAG.1,1
CTATGTACTGTTTC.1,2
CTATGTTGAAAGCA.1,1
CTATGTTGTCCTCG.1,1
CTATGTTGTCTCGC.1,1
CTATTGACAAACGA.1,4
CTATTGACACTGGT.1,4
CTATTGACGGTGAG.1,4
CTATTGTGGCAAGG.1,1
CTCAATTGGTTCAG.1,1
CTCAATTGGTTGCA.1,4
CTCAGAGATAGAAG.1,1
CTCAGCACTCTAGG.1,1
CTCAGCACTGAACC.1,5
CTCAGCACTTGCAG.1,1
CTCAGCTGAACCTG.1,3
CTCAGCTGCAGTTG.1,1
CTCAGCTGTTTCTG.1,1
CTCAGGCTCGTTGA.1,4
CTCAGGCTGCTAAC.1,5
CTCATTGACCTTAT.1,1
CTCATTGATGCTTT.1,4
CTCATTGATTGCTT.1,5
CTCCACGAGAGATA.1,4
CTCCATCTCTTAGG.1,1
CTCCATCTGACGAG.1,1
CTCCGAACAAGTGA.1,5
CTCCTACTGCCTTC.1,5
CTCGAAGATGTGGT.1,1
CTCGAAGATTAGGC.1,4
CTCGACTGCTCTAT.1,1
CTCGACTGGGTGAG.1,3
CTCGACTGGTTGAC.1,5
CTCGAGCTCTGGAT.1,5
CTCGCATGACTTTC.1,3
CTCGCATGCTTAGG.1,3
CTCTAAACCTCGAA.1,1
CTCTAAACGGCGAA.1,1
CTCTAATGTCCAAG.1,4
CTGAACGACAGTCA.1,1
CTGAACGATGAGGG.1,3
CTGAAGACCCAACA.1,1
CTGAAGACGTGCAT.1,2
CTGAAGTGAAGCCT.1,4
CTGAAGTGCAGCTA.1,2
CTGAAGTGGCTATG.1,1
CTGAAGTGTCCAGA.1,1
CTGAATCTGAATAG.1,3
CTGACAGAATCGTG.1,3
CTGACCACAGCAAA.1,1
CTGAGAACCGGGAA.1,1
CTGAGAACGTAAAG.1,5
CTGATACTAGTAGA.1,1
CTGATTTGGTGTTG.1,4
CTGCAGCTAACCGT.1,1
CTGCAGCTGACACT.1,1
CTGCAGCTGGATTC.1,4
CTGCAGCTTGGCAT.1,1
CTGCCAACAGGAGC.1,1
CTGCCAACCAGCTA.1,1
CTGCCAACTAACCG.1,4
CTGCCAACTGCTCC.1,3
CTGCCAACTTGCAG.1,1
CTGCCAACTTGCTT.1,3
CTGCGACTCCACCT.1,1
CTGGAAACAAACGA.1,3
CTGGAAACATCGAC.1,1
CTGGATGACTGGAT.1,3
CTGGATGACTTGTT.1,3
CTGGATGATGTGAC.1,5
CTGGCACTCAAGCT.1,4
CTGGCACTGGACAG.1,3
CTGTAACTAACCAC.1,3
CTGTAACTAGCGTT.1,1
CTGTATACGTAAAG.1,3
CTGTATACGTACGT.1,4
CTGTATACGTTGGT.1,1
CTGTGAGACAACCA.1,4
CTGTGAGACCTTGC.1,3
CTGTGAGACGAACT.1,4
CTGTGAGACTGTAG.1,4
CTTAAAGAACCTGA.1,1
CTTAACACCTGTAG.1,1
CTTAACACGAGCTT.1,1
CTTAACACTATCGG.1,2
CTTAAGCTACCTAG.1,1
CTTAAGCTAGTACC.1,1
CTTAAGCTCATCAG.1,1
CTTAAGCTCCGCTT.1,2
CTTAAGCTTCCTCG.1,3
CTTACAACTAACGC.1,1
CTTACAACTCCCGT.1,5
CTTACTGACGTACA.1,1
CTTAGACTAAACGA.1,3
CTTAGGGACTTGCC.1,1
CTTAGGGAGAATCC.1,1
CTTATCGACTCATT.1,1
CTTCACCTACCTGA.1,4
CTTCATGAAGCATC.1,2
CTTCATGAAGTACC.1,1
CTTCATGACCGAAT.1,1
CTTGAACTACGCAT.1,1
CTTGATTGAGGTTC.1,3
CTTGATTGATCTTC.1,4
CTTGATTGCATTCT.1,3
CTTGATTGTTTCGT.1,1
CTTGTATGACACCA.1,2
CTTGTATGCGCAAT.1,2
CTTTACGAGCGAAG.1,1
CTTTAGACCGTGAT.1,1
CTTTAGACGAGACG.1,1
CTTTAGACGATACC.1,1
CTTTAGACGTTGGT.1,1
CTTTAGACTCATTC.1,3
CTTTAGTGACGGGA.1,5
CTTTAGTGGGTGGA.1,1
CTTTCAGAGAAACA.1,1
CTTTGATGAGCACT.1,1
CTTTGATGTCTAGG.1,3
CTTTGATGTGTCCC.1,1
CTTTGATGTGTGGT.1,1
GAAACAGAACTACG.1,3
GAAACAGAATCACG.1,1
GAAACAGACATTCT.1,1
GAAACCTGATCGTG.1,1
GAAACCTGATGCCA.1,1
GAAACCTGCTTATC.1,1
GAAACCTGGACTAC.1,4
GAAACCTGTGCTAG.1,3
GAAAGATGATTTCC.1,3
GAAAGATGCTGATG.1,4
GAAAGATGCTTCGC.1,4
GAAAGATGTAAGGA.1,5
GAAAGATGTTTGCT.1,3
GAAAGCCTACGTTG.1,2
GAAAGTGAAAGTGA.1,4
GAAAGTGACCACAA.1,4
GAAAGTGACTCAAG.1,1
GAAATACTACCAAC.1,5
GAAATACTCTTAGG.1,2
GAAATACTTCCTCG.1,5
GAACACACGTGCAT.1,4
GAACACACTGCCTC.1,1
GAACAGCTAACTGC.1,5
GAACAGCTCTCAGA.1,4
GAACCAACCACAAC.1,1
GAACCAACTTCCGC.1,5
GAACCTGAACGTGT.1,3
GAACCTGAGAGACG.1,1
GAACCTGATGAACC.1,1
GAACGGGATACTTC.1,1
GAACGTTGACGGAG.1,5
GAACTGTGACCTGA.1,4
GAACTGTGCCAGTA.1,5
GAAGAATGCAATCG.1,1
GAAGCGGACCTATT.1,4
GAAGCTACGAATGA.1,4
GAAGCTACGGTTTG.1,3
GAAGGGTGAAAGTG.1,1
GAAGGGTGCTTAGG.1,4
GAAGGTCTGAAAGT.1,3
GAAGGTCTGTTGCA.1,1
GAAGGTCTTAAAGG.1,4
GAAGTAGACTCCCA.1,3
GAAGTAGATCCAAG.1,4
GAAGTCACCCTCGT.1,4
GAAGTCACCCTGTC.1,2
GAAGTCTGTCGCAA.1,2
GAAGTCTGTTCTGT.1,1
GAAGTGCTAAACGA.1,5
GAAGTGCTCCGCTT.1,5
GAAGTGCTTAACCG.1,1
GAATGCACCCTAAG.1,1
GAATGCACCTTCGC.1,5
GAATGCTGCGGTAT.1,1
GAATGGCTAAGATG.1,5
GAATTAACGATAAG.1,1
GAATTAACGGTCAT.1,3
GAATTAACGTCGTA.1,5
GAATTAACTGAAGA.1,2
GACAACACAGGCGA.1,1
GACAACACATCGTG.1,1
GACAACACTCGCCT.1,1
GACAACTGAGGTTC.1,1
GACAGGGAAGAGTA.1,2
GACAGGGAATGCCA.1,1
GACAGTACGAGCTT.1,4
GACAGTACTTCGGA.1,4
GACAGTTGAGTAGA.1,2
GACATTCTCCACCT.1,4
GACCAAACGACTAC.1,4
GACCAAACGTATCG.1,4
GACCATGACTCTCG.1,5
GACCCTACTAAAGG.1,5
GACCTAGACCTCAC.1,5
GACCTAGACGAGAG.1,1
GACCTCACAAGGTA.1,1
GACCTCACGTACGT.1,4
GACCTCTGCATCAG.1,1
GACGAACTCCCACT.1,1
GACGATTGCCAATG.1,2
GACGCCGACCTTCG.1,3
GACGCTCTCTCTCG.1,6
GACGGCACACGGGA.1,5
GACGGCACGAGATA.1,4
GACGTAACCTATGG.1,1
GACGTAACCTGTGA.1,1
GACGTAACTATGGC.1,1
GACGTATGTTGACG.1,1
GACGTATGTTTGCT.1,1
GACGTCCTACGGAG.1,3
GACGTCCTCTCAAG.1,4
GACGTCCTGATAAG.1,2
GACTACGATGGTCA.1,2
GACTCCTGCTCGCT.1,1
GACTCCTGGGTTAC.1,1
GACTCCTGTTATCC.1,3
GACTCCTGTTGGTG.1,4
GACTGAACAACCGT.1,2
GACTGAACCAATCG.1,4
GACTGATGTGATGC.1,1
GACTTTACATGCCA.1,1
GACTTTACGACAGG.1,5
GAGAAATGTTCTCA.1,2
GAGATAGAAAAAGC.1,4
GAGATCACGACAAA.1,4
GAGATGCTCTGGAT.1,3
GAGATGCTGAATGA.1,1
GAGCAGGATTCCCG.1,3
GAGCATACTTTGCT.1,3
GAGCGCACGCGTAT.1,4
GAGCGCACGGTGAG.1,3
GAGCGCTGAAGATG.1,5
GAGCGCTGTCTTAC.1,4
GAGCGGCTGGGAGT.1,2
GAGGACGACTCAGA.1,3
GAGGATCTGAAAGT.1,5
GAGGCAGACTTGCC.1,3
GAGGGAACACCAGT.1,3
GAGGGAACGAGGGT.1,3
GAGGGATGGGAAAT.1,3
GAGGGCCTTCACCC.1,3
GAGGGTGAAGAGTA.1,1
GAGGTACTACGGTT.1,1
GAGGTACTACTCAG.1,4
GAGGTACTGACACT.1,3
GAGGTACTGGGAGT.1,1
GAGGTACTTAGCGT.1,4
GAGGTGGAGTACGT.1,1
GAGGTGGATCCTCG.1,5
GAGGTTACTCGTTT.1,4
GAGGTTTGTAAGCC.1,5
GAGTCAACCATTCT.1,2
GAGTCAACGGGAGT.1,1
GAGTCTGATCGTGA.1,1
GAGTCTGATTTGGG.1,2
GAGTGACTCAGCTA.1,3
GAGTGACTCGGTAT.1,3
GAGTGACTCTTGCC.1,2
GAGTGACTGACTAC.1,2
GAGTGACTGTCTAG.1,1
GAGTGGGAGTCTTT.1,2
GAGTGGGATGCCCT.1,1
GAGTGGGATGCTGA.1,2
GAGTGTTGCTGTAG.1,1
GAGTGTTGTGGTCA.1,1
GAGTTGTGCATGGT.1,5
GAGTTGTGCTGAGT.1,3
GAGTTGTGGCGAGA.1,3
GAGTTGTGGTAGCT.1,6
GAGTTGTGTATGCG.1,4
GATAAGGAGAAACA.1,5
GATAAGGATTCACT.1,4
GATACTCTATCGGT.1,1
GATACTCTTACTTC.1,1
GATACTCTTGACTG.1,4
GATAGAGAAGGGTG.1,3
GATAGAGACTGTGA.1,1
GATAGAGATCACGA.1,4
GATAGCACCCATAG.1,1
GATAGCACGAAGGC.1,4
GATAGCACTTGTCT.1,1
GATATAACAAGGTA.1,1
GATATAACACGCAT.1,1
GATATATGCTGGAT.1,1
GATATATGTCCGTC.1,3
GATATATGTGGAGG.1,4
GATATCCTAGAAGT.1,1
GATATCCTCCCGTT.1,5
GATATTGACAGGAG.1,3
GATATTGACGAGTT.1,4
GATATTGAGCCAAT.1,1
GATCCCTGACCTTT.1,5
GATCCCTGTGTAGC.1,3
GATCCGCTGGTCAT.1,4
GATCGAACCGAGAG.1,1
GATCGATGACTAGC.1,2
GATCGATGGTAAAG.1,2
GATCGATGTAAGGA.1,4
GATCGTGACACTAG.1,1
GATCGTGATTCACT.1,1
GATCTACTGGTGAG.1,3
GATCTACTTTGCAG.1,2
GATCTTACACCCAA.1,4
GATCTTACCCTACC.1,1
GATCTTACGAATAG.1,4
GATCTTACGAGATA.1,4
GATGCAACTCCAGA.1,1
GATGCCCTACGTAC.1,1
GATGCCCTCTCATT.1,1
GATGCCCTGGCAAG.1,4
GATGCCCTTTTGCT.1,1
GATTACCTTGTTCT.1,1
GATTCGGAACGACT.1,1
GATTCGGACAGGAG.1,4
GATTCGGAGAAGGC.1,4
GATTCTTGATTCGG.1,4
GATTCTTGCCGATA.1,1
GATTCTTGCGAGTT.1,2
GATTGGACCCGTTC.1,2
GATTGGACGGTGTT.1,2
GATTGGACTTTCGT.1,2
GATTGGTGTGTCAG.1,1
GATTTAGACACTCC.1,4
GATTTAGACTAAGC.1,2
GATTTAGATTCGTT.1,5
GATTTGCTAACGAA.1,1
GATTTGCTAACGGG.1,5
GCAACCCTCCTCGT.1,5
GCAACTGATTGCGA.1,1
GCAAGACTACTGGT.1,3
GCAAGACTAGGTCT.1,1
GCAAGACTCCCTTG.1,1
GCAATCGACTGCAA.1,1
GCAATCGAGACGTT.1,4
GCAATCGATCCTTA.1,4
GCAATTCTCGTGTA.1,1
GCAATTCTTCTCCG.1,1
GCACAAACAATGCC.1,1
GCACAAACGGTACT.1,1
GCACAATGGTGCAT.1,4
GCACACCTGTGCTA.1,5
GCACCACTCATGAC.1,4
GCACCACTGTTTGG.1,5
GCACCACTTCCTTA.1,5
GCACCACTTTCGGA.1,4
GCACCTACGCGATT.1,1
GCACCTTGGCTGTA.1,1
GCACCTTGGGGAGT.1,4
GCACGGACCAGCTA.1,1
GCACGGTGACCTCC.1,1
GCACGGTGCTATGG.1,4
GCACTAGAACGGGA.1,1
GCACTAGAAGATGA.1,2
GCACTAGACCTTTA.1,4
GCACTAGACGTAAC.1,5
GCACTAGAGTCGTA.1,3
GCACTAGATGCAAC.1,1
GCACTGCTGAGGCA.1,1
GCAGATACAGCGTT.1,3
GCAGATACGACGGA.1,1
GCAGATACGCAGAG.1,1
GCAGCCGACAGTCA.1,1
GCAGCGTGCACTCC.1,1
GCAGCTCTCAATCG.1,1
GCAGCTCTGTTTCT.1,3
GCAGGGCTAAGAAC.1,1
GCAGGGCTAAGGGC.1,1
GCAGGGCTATCGAC.1,5
GCAGGGCTTGGGAG.1,3
GCAGTCCTAACTGC.1,1
GCAGTCCTCTCTTA.1,1
GCATCAGATGCGTA.1,3
GCATGTGACAAGCT.1,1
GCATTGGAGAAGGC.1,1
GCCAAAACGAGGCA.1,3
GCCAAATGATCGAC.1,1
GCCAACCTACGGTT.1,1
GCCAACCTCGCCTT.1,1
GCCACGGAGGCGAA.1,4
GCCACGGATACTGG.1,1
GCCACTACCTACTT.1,2
GCCACTACGTCTTT.1,1
GCCCAACTACCGAT.1,1
GCCCAACTATGGTC.1,3
GCCCATACAGCGTT.1,3
GCCGACGAACTCTT.1,4
GCCGAGTGCGTTGA.1,1
GCCGGAACGAACTC.1,3
GCCGGAACGTTCTT.1,5
GCCGGAACTGCACA.1,5
GCCGGAACTTACTC.1,1
GCCGTACTACCTGA.1,1
GCCGTACTGGCAAG.1,5
GCCTACACAGTTCG.1,5
GCCTACACCACTGA.1,4
GCCTACACCTTGAG.1,1
GCCTAGCTACGGAG.1,2
GCCTAGCTCTATTC.1,1
GCCTAGCTTCTCAT.1,1
GCCTAGCTTCTCTA.1,4
GCCTCAACCATGGT.1,1
GCCTCAACTCTTTG.1,4
GCCTCATGTCTTAC.1,1
GCCTGACTCTCAAG.1,4
GCGAAGGAACTCTT.1,3
GCGAAGGAGAGCTT.1,4
GCGAAGGATGCCAA.1,1
GCGAGAGAGGGACA.1,1
GCGAGCACTGTCGA.1,5
GCGAGCACTTGACG.1,1
GCGAGCACTTGCTT.1,4
GCGATATGGTACGT.1,3
GCGATATGGTGTTG.1,1
GCGCACGAAGTCGT.1,1
GCGCACGACTTTAC.1,4
GCGCATCTAGGTCT.1,1
GCGCATCTGGTTAC.1,4
GCGCATCTTCGATG.1,1
GCGCATCTTGCTCC.1,5
GCGCATCTTTCTAC.1,1
GCGCGAACGTTCTT.1,2
GCGCGATGAACGGG.1,1
GCGCGATGGTGCAT.1,5
GCGGAGCTCCTGAA.1,1
GCGGCAACCCGATA.1,1
GCGGCAACGGAGGT.1,2
GCGGCAACTGTCGA.1,5
GCGTAAACACGGTT.1,4
GCGTAATGCACCAA.1,4
GCGTATGAACACCA.1,1
GCGTATGATGAGAA.1,4
GCTACAGAAAGGTA.1,1
GCTACAGAATCTTC.1,2
GCTACAGATCTTAC.1,3
GCTACCTGAGAAGT.1,4
GCTACCTGATCACG.1,1
GCTACGCTAGAATG.1,1
GCTACGCTAGCTAC.1,3
GCTACGCTCCCTAC.1,1
GCTAGAACAGAGGC.1,2
GCTAGAACGGATCT.1,3
GCTAGAACTCCCGT.1,1
GCTAGATGAGCTCA.1,4
GCTAGATGGCGATT.1,3
GCTATACTAAGGCG.1,1
GCTATACTAGCGTT.1,3
GCTATACTCTCTTA.1,1
GCTATACTGGACGA.1,1
GCTCAAGAACCATG.1,4
GCTCAAGAAGTCAC.1,4
GCTCAGCTGTCTAG.1,1
GCTCCATGAGAAGT.1,4
GCTCCATGCCGAAT.1,1
GCTCGACTCTAGTG.1,4
GCTGATGAGGTATC.1,4
GCTTAACTACAGTC.1,5
GCTTAACTACTGGT.1,3
GCTTAACTGCTGAT.1,1
GCTTAACTTAGACC.1,5
GCTTAACTTCAGTG.1,1
GGAACACTCACTTT.1,5
GGAACACTTCAGAC.1,6
GGAACTACTACTTC.1,3
GGAACTTGAAGGTA.1,4
GGAACTTGAGAATG.1,1
GGAACTTGCTCCAC.1,4
GGAACTTGGGTAGG.1,2
GGAAGGACATCGGT.1,4
GGAAGGACCACTAG.1,3
GGAAGGACGAGGGT.1,1
GGAAGGACGCGAAG.1,3
GGAAGGTGGCGAGA.1,5
GGAATCTGAAGGGC.1,1
GGAATCTGAGGAGC.1,3
GGAATCTGCTTAGG.1,2
GGAATCTGCTTGTT.1,4
GGAATCTGGGAGGT.1,1
GGAATGCTTTCTAC.1,1
GGACAGGAAAGGGC.1,1
GGACAGGAGTGCTA.1,2
GGACAGGATCTCGC.1,1
GGACCCGAAGCTAC.1,4
GGACCGTGCTTACT.1,4
GGACCGTGGGAACG.1,4
GGACCGTGTAACGC.1,1
GGACCTCTGTAAGA.1,4
GGACCTCTTTTCTG.1,3
GGACGAGAGTGTCA.1,5
GGACGCTGACGCAT.1,3
GGACGCTGCTAGCA.1,1
GGACGCTGTCCTCG.1,5
GGAGAGACGTGAGG.1,2
GGAGCAGATTCAGG.1,2
GGAGCCACCTTCTA.1,2
GGAGCGCTACGCAT.1,4
GGAGCGCTCCGAAT.1,1
GGAGGATGCCACCT.1,1
GGAGGATGGTTGAC.1,4
GGAGGATGTCAGTG.1,5
GGAGGCCTCGTTGA.1,5
GGAGGCCTTTCTTG.1,1
GGAGGTGATACGCA.1,1
GGAGGTGATCGCTC.1,1
GGATACTGCAGCTA.1,1
GGATACTGTCTAGG.1,1
GGATAGCTCGTCTC.1,1
GGATAGCTCTGAAC.1,1
GGATGTACCAAAGA.1,2
GGATGTACGCGAAG.1,1
GGATGTACGTCTTT.1,5
GGATGTACGTGTCA.1,3
GGATTTCTAGGTTC.1,1
GGATTTCTTTGTCT.1,4
GGCAAGGAAAAAGC.1,5
GGCAAGGAAGAAGT.1,1
GGCAAGGACTTGGA.1,4
GGCAAGGAGGACTT.1,1
GGCAATACGCTAAC.1,2
GGCAATACGGCATT.1,3
GGCAATACGTTTCT.1,2
GGCACGTGGCTTAG.1,4
GGCACGTGTGAGAA.1,4
GGCACTCTTTTGTC.1,1
GGCATATGCTTATC.1,3
GGCATATGGGGAGT.1,6
GGCATATGTGTGAC.1,1
GGCCACGACAGAGG.1,5
GGCCAGACTGGTTG.1,1
GGCCCAGAAAGTAG.1,4
GGCCGAACAACGAA.1,1
GGCCGAACGCAGAG.1,5
GGCCGAACGTAGGG.1,1
GGCCGAACTCTAGG.1,5
GGCCGATGCAGGAG.1,1
GGCCGATGCCGAAT.1,1
GGCCGATGTACTCT.1,1
GGCGACACTGCCCT.1,1
GGCGACTGCGTAAC.1,1
GGCGCATGCCTAAG.1,5
GGCGCATGCTCCAC.1,1
GGCGCATGTGGAAA.1,1
GGCGGACTAGAGGC.1,3
GGCGGACTAGGAGC.1,1
GGCGGACTCTGACA.1,1
GGCGGACTCTTGGA.1,3
GGCGGACTTACTGG.1,1
GGCGGACTTGAACC.1,1
GGCTAAACACCTGA.1,3
GGCTAAACTCTTAC.1,1
GGCTAATGAGCACT.1,3
GGCTAATGGTCTAG.1,1
GGCTCACTACTCAG.1,4
GGGAACGAAGCTCA.1,4
GGGAACGACACAAC.1,2
GGGAACGAGTGTCA.1,5
GGGAAGTGTTGAGC.1,5
GGGACCACACGTTG.1,3
GGGACCACAGAACA.1,1
GGGACCACGAATAG.1,1
GGGACCACGTCATG.1,1
GGGACCACTCAAGC.1,3
GGGACCACTCGTGA.1,1
GGGACCACTGCATG.1,1
GGGACCTGACCCTC.1,4
GGGACCTGCTTGCC.1,1
GGGACCTGTGGAGG.1,2
GGGATGGACGACAT.1,2
GGGATGGATACTTC.1,3
GGGATGGATGGTTG.1,5
GGGATTACGTCTAG.1,1
GGGCAAGATGCATG.1,5
GGGCACACGGTGAG.1,1
GGGCACACGTTGCA.1,1
GGGCAGCTTGGGAG.1,3
GGGCAGCTTTTCTG.1,1
GGGCCAACCTTGGA.1,4
GGGCCAACGCGTTA.1,2
GGGCCAACTACGCA.1,5
GGGCCAACTCCAAG.1,2
GGGCCATGATGGTC.1,1
GGGCCATGTTGACG.1,1
GGGTAACTCAGCTA.1,1
GGGTAACTCTAGTG.1,2
GGGTAACTCTGGAT.1,1
GGGTTAACGTGCAT.1,5
GGTAAAGAGCTAAC.1,3
GGTACAACTGCAAC.1,1
GGTACATGAAAGCA.1,2
GGTACATGAGCTCA.1,1
GGTACATGCGGTAT.1,1
GGTACATGGTTACG.1,1
GGTACATGTGGGAG.1,1
GGTACTGAACTCTT.1,5
GGTAGTACACCACA.1,3
GGTAGTACACTAGC.1,2
GGTAGTACCCTGTC.1,1
GGTAGTACGCCATA.1,4
GGTAGTACTGTCTT.1,3
GGTATCGAGACAAA.1,4
GGTATCGATGAACC.1,2
GGTCAAACCAAAGA.1,1
GGTCTAGAGAAACA.1,4
GGTCTAGATAGCGT.1,4
GGTGATACCGACTA.1,2
GGTGATACGACTAC.1,4
GGTGATACTGTTTC.1,1
GGTGGAGAAACGGG.1,3
GGTGGAGAAGTAGA.1,3
GGTGGAGACAGATC.1,5
GGTGGAGATCGATG.1,1
GGTGGAGATCTCTA.1,3
GGTGGAGATTACTC.1,3
GGTTTACTACGCAT.1,3
GTAACGTGACCTCC.1,4
GTAACGTGATCGGT.1,2
GTAACGTGCAGCTA.1,2
GTAACGTGGTTGAC.1,2
GTAAGCACAACGGG.1,1
GTAAGCACTCATTC.1,2
GTAAGCTGGTACCA.1,4
GTAATAACCTTCTA.1,4
GTAATAACGTTGTG.1,1
GTACCCTGACAGTC.1,4
GTACCCTGGAGCTT.1,1
GTACCCTGTCCTTA.1,3
GTACCCTGTGAACC.1,1
GTACGTGAACGTTG.1,3
GTACTTTGTCGACA.1,1
GTAGACTGAGATGA.1,4
GTAGACTGTATTCC.1,1
GTAGCAACAGTCGT.1,4
GTAGCAACCATTTC.1,3
GTAGCAACGGTAGG.1,5
GTAGCATGCACTCC.1,2
GTAGCATGTAAGCC.1,5
GTAGCCCTGACGTT.1,1
GTAGCTGAAGCTAC.1,4
GTAGCTGAATTCGG.1,3
GTAGGTACACGGGA.1,4
GTAGTGACCTCATT.1,1
GTAGTGTGAGCGGA.1,3
GTAGTGTGAGGCGA.1,4
GTAGTGTGTGGTTG.1,1
GTATCACTGGTAGG.1,4
GTATCTACAGAAGT.1,3
GTATCTACGACGAG.1,3
GTATCTACGTTACG.1,1
GTATTAGAAACAGA.1,5
GTATTAGAGGTCTA.1,1
GTATTCACACAGCT.1,3
GTATTCACGGGTGA.1,3
GTCAACGACACTGA.1,1
GTCAACGAGTGTAC.1,4
GTCAACGATCAGGT.1,5
GTCAATCTACACCA.1,1
GTCAATCTGTAGCT.1,3
GTCAATCTTGTGGT.1,1
GTCACCTGCCTCCA.1,1
GTCACCTGTCCCGT.1,1
GTCATACTAATCGC.1,2
GTCATACTGCGATT.1,5
GTCATACTTCGCCT.1,6
GTCATACTTTACCT.1,3
GTCATACTTTGACG.1,1
GTCCAAGAAAAACG.1,1
GTCCACTGACCTCC.1,1
GTCCACTGGGTACT.1,4
GTCCAGCTACGGGA.1,1
GTCCCATGTGGTGT.1,4
GTCGAATGAAGGCG.1,5
GTCGACCTGAATGA.1,5
GTCGACCTGTTCAG.1,1
GTCGCACTTGAGAA.1,4
GTCTAACTGGTCTA.1,4
GTCTAGGAGCTTCC.1,4
GTGAACACACTCTT.1,1
GTGAACACAGATCC.1,5
GTGAACACTCAGGT.1,1
GTGACCCTTAAGCC.1,3
GTGATGACAAGTGA.1,1
GTGATGACCTGAGT.1,2
GTGATGACGGTTTG.1,3
GTGATTCTCATTTC.1,1
GTGATTCTCTCTCG.1,4
GTGATTCTGGTTCA.1,5
GTGATTCTGTCGAT.1,1
GTGATTCTTAGCGT.1,2
GTGCCACTCAGGAG.1,1
GTGGATTGCACTAG.1,4
GTGGATTGCGGAGA.1,1
GTGGATTGTAACGC.1,1
GTGTACGATCAGTG.1,1
GTGTAGTGGGTACT.1,1
GTGTATCTAGCCTA.1,2
GTGTATCTAGTAGA.1,1
GTGTATCTGTTACG.1,2
GTGTCAGAAGCGTT.1,3
GTGTCAGAATGCTG.1,5
GTTAAAACCGAGAG.1,5
GTTAAAACTTCGCC.1,1
GTTAAATGCTCGAA.1,1
GTTAAATGTCGACA.1,2
GTTAACCTAGCTAC.1,1
GTTAACCTTGCTTT.1,4
GTTAGGTGCACTCC.1,1
GTTAGGTGCCAGTA.1,4
GTTAGGTGCCCAAA.1,5
GTTAGGTGGAACTC.1,2
GTTAGTCTAAGAAC.1,1
GTTATAGAGGACAG.1,1
GTTATGCTTTCATC.1,1
GTTCAACTGGGACA.1,5
GTTCAACTTATGCG.1,1
GTTGACGAGCCCTT.1,3
GTTGACGATATCGG.1,5
GTTGAGTGGTCTTT.1,4
GTTGAGTGTGCTTT.1,1
GTTGATCTGGGACA.1,1
GTTGATCTTTTCAC.1,3
GTTGGATGTTTACC.1,4
GTTGTACTATTCCT.1,4
GTTGTACTTTTGGG.1,1
GTTTAAGACCATGA.1,4
GTTTAAGACTGTCC.1,3
TAAACAACCAACCA.1,1
TAAACAACGAATCC.1,2
TAAAGACTCAGGAG.1,1
TAAATCGATGAGGG.1,3
TAACAATGTGCCCT.1,4
TAACACCTTCGCTC.1,4
TAACACCTTCGTAG.1,4
TAACACCTTGTTTC.1,6
TAACATGACACTAG.1,2
TAACCGGACTTACT.1,1
TAACGTCTCAACCA.1,4
TAACGTCTCATTGG.1,1
TAACTAGAATTTCC.1,1
TAACTAGACTTAGG.1,1
TAACTAGATCTGGA.1,1
TAACTCACGAGGAC.1,5
TAACTCACGTACAC.1,2
TAACTCACGTATCG.1,3
TAACTCACTCTACT.1,5
TAAGAACTGTGTCA.1,4
TAAGAGGACTAAGC.1,2
TAAGAGGACTTGTT.1,5
TAAGATACCCACAA.1,3
TAAGATACGGTTCA.1,4
TAAGATTGCGTAGT.1,1
TAAGATTGTTGCTT.1,1
TAAGCGTGAGGTTC.1,4
TAAGCGTGGACAAA.1,4
TAAGCGTGGGAAAT.1,1
TAAGCGTGTGCTCC.1,4
TAAGGCTGCCATGA.1,1
TAAGGCTGCTGCTC.1,1
TAAGGCTGTCTCGC.1,4
TAAGGGCTGCTGTA.1,5
TAAGGGCTTTACTC.1,1
TAAGTAACCGAGAG.1,5
TAAGTAACCTCCAC.1,2
TAAGTAACCTGTAG.1,1
TAAGTAACTTGTCT.1,1
TAATGATGAGCGGA.1,1
TAATGCCTCATGAC.1,1
TAATGCCTCGTCTC.1,5
TAATGTGAAGATGA.1,1
TAATGTGACTGCAA.1,4
TAATGTGATTACTC.1,3
TACAAATGGGTACT.1,1
TACAATGAAAACAG.1,4
TACAATGACTTAGG.1,1
TACAATGATGCTAG.1,1
TACACACTCACACA.1,1
TACACACTCTTACT.1,5
TACATAGAACGCAT.1,3
TACATCACACGGGA.1,1
TACATCACCTGTTT.1,4
TACATCACGCTAAC.1,2
TACATCACTGAACC.1,4
TACCATTGAGGTTC.1,3
TACCATTGCGGGAA.1,4
TACCATTGGGGATG.1,4
TACCATTGTGAGGG.1,4
TACCGGCTGTTGGT.1,1
TACGAGTGATCTCT.1,1
TACGAGTGATGCTG.1,4
TACGAGTGCGGAGA.1,3
TACGAGTGGTTGGT.1,1
TACGATCTAGTGTC.1,1
TACGATCTCACTGA.1,4
TACGATCTTACGAC.1,3
TACGCAGACGTCTC.1,5
TACGCAGAGAATCC.1,3
TACGCCACATTCCT.1,1
TACGCCACTCCCAC.1,4
TACGCCACTCCGAA.1,2
TACGCGCTCTTCTA.1,3
TACGGAACGCGTTA.1,2
TACGGCCTGGGACA.1,5
TACGGCCTGTCCTC.1,5
TACGTACTACGGAG.1,1
TACGTACTCAGTTG.1,1
TACGTACTCCCGTT.1,2
TACGTTACAGAAGT.1,1
TACGTTACCAAGCT.1,4
TACTAAGAAAGGTA.1,5
TACTAAGAATCACG.1,1
TACTAAGATGATGC.1,4
TACTAAGATTGCGA.1,1
TACTACACGAGAGC.1,1
TACTACACTTACCT.1,1
TACTACTGAACCTG.1,4
TACTACTGATGTCG.1,3
TACTACTGATTCTC.1,1
TACTACTGTATGGC.1,1
TACTCAACGGTCTA.1,4
TACTCAACTGCTAG.1,2
TACTCCCTCAGTTG.1,1
TACTCTGAATCGAC.1,5
TACTCTGACGAGTT.1,1
TACTCTGATTGACG.1,2
TACTGGGATCGATG.1,1
TACTGTTGAAAGCA.1,1
TACTGTTGAGGCGA.1,5
TACTGTTGCTGAAC.1,3
TACTTGACTCCTCG.1,3
TACTTGACTGGTGT.1,2
TACTTTCTTTTGGG.1,1
TAGAAACTAATCGC.1,1
TAGAAACTGCTTCC.1,4
TAGAAACTGGGATG.1,5
TAGAATTGCGACAT.1,1
TAGAATTGTATCGG.1,1
TAGACGTGCTTGAG.1,1
TAGACGTGTCGCTC.1,1
TAGAGCACCTTACT.1,2
TAGATTGACTTGTT.1,2
TAGATTGAGGCATT.1,3
TAGCATCTCAGCTA.1,5
TAGCATCTCCCTCA.1,1
TAGCATCTGCTGTA.1,4
TAGCATCTGGGACA.1,1
TAGCATCTTGTCGA.1,1
TAGCCCACAAAAGC.1,1
TAGCCCACAGCCAT.1,3
TAGCCCACAGCTAC.1,5
TAGCCCACCCACAA.1,1
TAGCCCTGCGGAGA.1,3
TAGCCGCTTACGAC.1,1
TAGCCGCTTACTTC.1,3
TAGCCGCTTTCCAT.1,4
TAGCTACTGAATAG.1,2
TAGCTACTGTAGCT.1,1
TAGCTACTTTTGCT.1,3
TAGGACTGTGCTGA.1,1
TAGGAGCTAAGGCG.1,2
TAGGAGCTGAGGGT.1,1
TAGGAGCTTGCATG.1,5
TAGGCAACCGTCTC.1,2
TAGGCATGCTCTCG.1,4
TAGGCATGGCGAGA.1,3
TAGGCTGATGCCTC.1,4
TAGGGACTGAACTC.1,5
TAGGTCGACACTGA.1,1
TAGGTCGAGGATCT.1,2
TAGGTGACACACTG.1,3
TAGGTGACACGTTG.1,2
TAGGTGTGTTCTGT.1,3
TAGGTTCTGAAGGC.1,1
TAGGTTCTTCTTAC.1,4
TAGGTTCTTGCTGA.1,4
TAGTAAACCTCGCT.1,1
TAGTAAACGTCACA.1,1
TAGTAATGAGATCC.1,1
TAGTACCTAAGAAC.1,5
TAGTATGATCTTAC.1,2
TAGTATGATTCTCA.1,1
TAGTCTTGGCTGTA.1,5
TAGTCTTGGGACTT.1,1
TAGTCTTGTGGAAA.1,3
TAGTGGTGAAGTGA.1,5
TAGTTAGAACCACA.1,5
TAGTTAGATGAACC.1,1
TATAAGACAACAGA.1,5
TATAAGACAGCTCA.1,4
TATAAGTGACACCA.1,4
TATAAGTGTATCGG.1,5
TATAAGTGTGGTGT.1,4
TATACAGAACCCTC.1,3
TATACAGAAGAACA.1,1
TATACAGATCCAGA.1,1
TATACCACCTGATG.1,2
TATACGCTACCAAC.1,3
TATAGATGGACGGA.1,3
TATAGATGTTCCGC.1,4
TATCACTGACTGTG.1,4
TATCCAACCAGCTA.1,5
TATCCAACTCTCTA.1,3
TATCGACTACTAGC.1,1
TATCGACTCGATAC.1,4
TATCGTACAGATGA.1,3
TATCGTACATTCCT.1,4
TATCTCGAGAGATA.1,3
TATCTGACAGGTTC.1,3
TATCTGACTGTTTC.1,1
TATCTTCTAAACAG.1,1
TATGAATGGAGGAC.1,3
TATGAATGTTTGCT.1,4
TATGCGGATAACCG.1,3
TATGGGTGCATCAG.1,5
TATGGGTGCTAGCA.1,2
TATGGTCTCTACCC.1,1
TATGTCACGGAACG.1,2
TATGTCACTAACCG.1,4
TATGTCACTTCTCA.1,2
TATGTGCTCCGATA.1,4
TATGTGCTGGATTC.1,1
TATTGCTGAAGAAC.1,5
TATTGCTGCCGTTC.1,2
TATTGCTGTCTGGA.1,1
TATTGCTGTGCACA.1,3
TATTTCCTATTGGC.1,4
TATTTCCTGGAGGT.1,3
TATTTCCTGGTGTT.1,1
TCAACACTGTTTGG.1,5
TCAAGGACAGCGTT.1,1
TCAAGGACATTCTC.1,5
TCAAGGACGGTGTT.1,4
TCAATCACACTCTT.1,3
TCAATCACAGTCGT.1,4
TCACAACTATGTGC.1,1
TCACAACTTTGCTT.1,4
TCACATACACTTTC.1,3
TCACATACAGGGTG.1,1
TCACCCGAGACGGA.1,4
TCACCGTGCTCGCT.1,4
TCACCTCTACGACT.1,3
TCACCTCTTCCAAG.1,5
TCACGAGAGGAGGT.1,2
TCACTATGGGGCAA.1,3
TCACTATGGTTGTG.1,5
TCAGACGACGCTAA.1,3
TCAGACGACGTTAG.1,5
TCAGAGACTCCAGA.1,1
TCAGCAGACTCCAC.1,1
TCAGCGCTCTAGTG.1,3
TCAGCGCTGGATCT.1,2
TCAGCGCTGGTATC.1,1
TCAGGATGAAGTAG.1,1
TCAGGATGCCTTTA.1,4
TCAGTGGAAGATCC.1,3
TCAGTTACCTACGA.1,4
TCAGTTACTAGAAG.1,1
TCATCAACCCGATA.1,1
TCATCAACTGTTCT.1,4
TCATCATGCAGTTG.1,1
TCATCCCTTACTGG.1,1
TCATTCGATACAGC.1,4
TCCACGTGGAAACA.1,1
TCCACTCTACACTG.1,3
TCCACTCTGAGCTT.1,4
TCCACTCTTACTTC.1,5
TCCATAACAAAGTG.1,1
TCCATAACCGTAGT.1,2
TCCATAACGATGAA.1,1
TCCATAACTACGCA.1,1
TCCATCCTCCCTAC.1,3
TCCCACGATCATTC.1,1
TCCCATCTCAAAGA.1,4
TCCCGAACACAGTC.1,5
TCCCGAACTTCGCC.1,4
TCCCGATGAGATCC.1,3
TCCCGATGCCTGAA.1,5
TCCCGATGCTGTGA.1,3
TCCCTACTCAACTG.1,5
TCCGAAGACAATCG.1,5
TCCGAAGACGTTAG.1,1
TCCGGACTGAGGTG.1,1
TCCGGACTGTACGT.1,3
TCCTAAACATCGAC.1,1
TCCTAAACCGAGAG.1,1
TCCTAAACCGCATA.1,5
TCCTAATGGTTTGG.1,3
TCCTACCTGTCGTA.1,1
TCCTATGAAAAGCA.1,3
TCGAATCTCTGGTA.1,3
TCGACCTGCCGATA.1,4
TCGACGCTTCTATC.1,5
TCGACGCTTTGACG.1,1
TCGAGAACGACAGG.1,1
TCGAGAACGTTAGC.1,3
TCGAGCCTATCAGC.1,2
TCGAGCCTGCGAGA.1,1
TCGAGCCTTGTGAC.1,1
TCGATACTATTCCT.1,1
TCGATACTTGCACA.1,3
TCGATTTGATGCCA.1,4
TCGATTTGCACTCC.1,1
TCGATTTGCAGCTA.1,5
TCGATTTGCCTACC.1,4
TCGATTTGTCGTGA.1,2
TCGCACACCATCAG.1,5
TCGCAGCTAGATCC.1,1
TCGCCATGAGACTC.1,1
TCGCCATGTGGTCA.1,2
TCGGACCTAACAGA.1,1
TCGGACCTATAAGG.1,3
TCGGACCTGTACAC.1,1
TCGGTAGAGTAGGG.1,1
TCGGTAGATCCCAC.1,2
TCGTAGGATCGACA.1,1
TCGTGAGAACTGTG.1,5
TCGTTATGGACAAA.1,3
TCTAACACCAGTTG.1,5
TCTAACACGAGCAG.1,4
TCTAACTGAACCAC.1,1
TCTAAGCTAATGCC.1,1
TCTAAGCTTAGTCG.1,5
TCTAAGCTTCTAGG.1,4
TCTAAGCTTGTTCT.1,4
TCTAAGCTTTCGCC.1,5
TCTACAACGACTAC.1,4
TCTAGACTTAGAAG.1,4
TCTAGTTGCACCAA.1,4
TCTATGTGAAGAGT.1,4
TCTATGTGAGTCTG.1,1
TCTCAAACCTAAGC.1,2
TCTCTAGAATTTCC.1,3
TCTGATACACGTGT.1,1
TCTGATACTCGCCT.1,1
TCTTACGAACCTGA.1,4
TCTTCAGAGCTACA.1,4
TCTTGATGCGGAGA.1,1
TGAAATTGGTGAGG.1,4
TGAACCGAAAACGA.1,1
TGAACCGACTACTT.1,5
TGAACCGATTCGGA.1,4
TGAAGCACTCACGA.1,1
TGAAGCTGAACGAA.1,1
TGAAGCTGAGACTC.1,5
TGAAGCTGCATGGT.1,2
TGAAGCTGCGTAAC.1,1
TGAATAACCACTTT.1,1
TGAATAACTCCCAC.1,5
TGACACGACCTTAT.1,2
TGACCAGACAACCA.1,1
TGACCAGAGGATTC.1,1
TGACCGCTAAAAGC.1,1
TGACCGCTCTGCAA.1,1
TGACGATGCAAAGA.1,4
TGACGCCTGTACCA.1,3
TGACGCCTTTACTC.1,5
TGACTGGAAGAGAT.1,5
TGACTGGACCGTAA.1,3
TGACTGGACGCAAT.1,1
TGACTGGAGGACAG.1,2
TGACTGGATTCTCA.1,1
TGACTTACACACCA.1,1
TGACTTACAGTCTG.1,4
TGACTTTGCGCATA.1,1
TGACTTTGTTTGTC.1,1
TGAGACACAAGGTA.1,1
TGAGACACTCAAGC.1,3
TGAGACACTGTGCA.1,5
TGAGCTGAATGCTG.1,4
TGAGCTGACTGGAT.1,4
TGAGCTGAGCGAGA.1,5
TGAGCTGATGCTAG.1,5
TGAGGACTCTCATT.1,4
TGAGGACTTCATTC.1,1
TGAGGTACGAACCT.1,4
TGAGTCGAGTTACG.1,2
TGAGTGACTGAGCT.1,1
TGATAAACGAATCC.1,1
TGATAAACTCCGTC.1,3
TGATAAACTTTCAC.1,1
TGATACCTCACTAG.1,4
TGATACCTGTTGGT.1,1
TGATACCTTATGCG.1,1
TGATACCTTGAAGA.1,1
TGATATGAACCTTT.1,1
TGATCACTAGCATC.1,1
TGATCACTCTCGCT.1,1
TGATCACTTCTACT.1,2
TGATCGGACTGACA.1,4
TGATCGGAGGAGCA.1,2
TGATCGGATATGCG.1,5
TGATTAGACATTGG.1,3
TGATTAGATGACTG.1,2
TGATTAGATGCTAG.1,1
TGATTCACTATGCG.1,1
TGATTCACTGTCAG.1,2
TGATTCTGCCGAAT.1,1
TGATTCTGCTCTTA.1,1
TGCAAGTGAGAACA.1,3
TGCAAGTGGGTAGG.1,4
TGCAATCTTCAGGT.1,4
TGCACAGACGACAT.1,5
TGCCAAGAGCAGTT.1,4
TGCCAAGATCTCTA.1,1
TGCCACTGAACGTC.1,3
TGCCACTGCGATAC.1,5
TGCCAGCTTGGCAT.1,1
TGCCCAACAGCAAA.1,1
TGCCCAACCGCATA.1,4
TGCCGACTCTCCCA.1,2
TGCGAAACAGTCAC.1,2
TGCGAAACGTTGCA.1,2
TGCGATGAACGGTT.1,3
TGCGATGACCTCGT.1,1
TGCGATGACTAGTG.1,2
TGCGATGACTGCTC.1,2
TGCGATGACTTGCC.1,2
TGCGATGAGTGCTA.1,5
TGCGCACTCTTGAG.1,5
TGCGTAGAATAAGG.1,4
TGCGTAGACGGGAA.1,2
TGCGTAGATGGTCA.1,4
TGCTAGGAAACCGT.1,3
TGCTAGGATAGTCG.1,1
TGCTATACGGTTCA.1,4
TGCTATACTGCTGA.1,1
TGCTGAGAGAGCAG.1,5
TGCTGAGATTATCC.1,1
TGGAAAGACTCTCG.1,2
TGGAAAGAGCGATT.1,1
TGGAAAGAGGTCAT.1,4
TGGAAAGATATGGC.1,1
TGGAACACAAACAG.1,5
TGGAACACGCTAAC.1,1
TGGAAGCTCAGATC.1,1
TGGACCCTACACTG.1,5
TGGACCCTCATGGT.1,3
TGGACCCTGGTACT.1,4
TGGACTGAGTATGC.1,1
TGGAGACTATCAGC.1,4
TGGAGACTGAAACA.1,5
TGGAGACTTCAAGC.1,1
TGGAGACTTGACCA.1,1
TGGAGGGACGGAGA.1,5
TGGAGGGAGCTATG.1,5
TGGATCGATAAAGG.1,1
TGGATGTGACCTAG.1,2
TGGATGTGATGTCG.1,1
TGGATGTGTGAAGA.1,2
TGGATTCTCATACG.1,1
TGGCAATGCTTGTT.1,2
TGGCAATGGAGGGT.1,3
TGGCACCTTCACGA.1,1
TGGCACCTTCAGTG.1,5
TGGGTATGAAGAGT.1,1
TGGGTATGCACAAC.1,1
TGGGTATGGTACGT.1,5
TGGGTATGTTTGGG.1,4
TGGTAGACATGCCA.1,1
TGGTAGACCCTCAC.1,5
TGGTAGACCTGATG.1,3
TGGTAGTGCACTGA.1,5
TGGTATCTAAACAG.1,1
TGGTATCTCTTCCG.1,1
TGGTCAGACCCAAA.1,1
TGGTCAGACCGTTC.1,5
TGGTTACTGACGTT.1,4
TGGTTACTGTTCTT.1,1
TGTAACCTAGAGGC.1,1
TGTAACCTTGCCTC.1,4
TGTAATGACACAAC.1,5
TGTAATGAGGTAAA.1,5
TGTACTTGCTCTAT.1,4
TGTAGGTGCGAGAG.1,3
TGTAGGTGCTATGG.1,1
TGTAGGTGCTCTAT.1,4
TGTAGGTGTGCTGA.1,1
TGTAGTCTTCCAGA.1,1
TGTAGTCTTGCACA.1,3
TGTATCTGTTAGGC.1,3
TGTATGCTCATGGT.1,2
TGTATGCTGTAGGG.1,1
TGTATGCTTTCATC.1,1
TGTCAGGAATACCG.1,1
TGTCAGGAGATGAA.1,4
TGTCTAACCCCTTG.1,1
TGTGACGATTCTCA.1,3
TGTGAGACTGTCAG.1,4
TGTGAGACTTGAGC.1,1
TGTGAGTGACCACA.1,1
TGTGAGTGAGTGCT.1,4
TGTGAGTGGAGATA.1,3
TGTGATCTCTCTAT.1,2
TGTGATCTGACACT.1,3
TGTGGATGGCCAAT.1,2
TGTTAAGACAAAGA.1,4
TGTTAAGATAAGGA.1,4
TGTTAAGATTGGCA.1,5
TGTTACACCGCATA.1,4
TGTTACACGACTAC.1,4
TGTTACTGGCTACA.1,3
TGTTACTGTAGTCG.1,3
TTAACCACCGTAAC.1,1
TTAACCACTAAGGA.1,3
TTAACCACTCAGAC.1,3
TTACACACGTGTTG.1,1
TTACACACTCCTAT.1,1
TTACCATGAATCGC.1,4
TTACCATGGTTGAC.1,1
TTACCATGTGTCTT.1,3
TTACCATGTTGTGG.1,2
TTACGACTGAGAGC.1,1
TTACGACTTGACAC.1,4
TTACGTACGTTCAG.1,6
TTACTCGAACGTTG.1,4
TTACTCGAAGAATG.1,4
TTACTCGACGCAAT.1,4
TTACTCGAGGGTGA.1,1
TTACTCGATCTACT.1,5
TTAGAATGTGGTGT.1,1
TTAGAATGTGTAGC.1,5
TTAGACCTCCTACC.1,1
TTAGACCTCCTTTA.1,4
TTAGCTACAACCGT.1,1
TTAGCTACTGTCCC.1,4
TTAGCTACTTTCGT.1,1
TTAGGGACGCGAAG.1,3
TTAGGGTGCTGGAT.1,2
TTAGGGTGTCCTGC.1,4
TTAGGTCTACTTTC.1,5
TTAGTCACCAGTTG.1,3
TTAGTCTGAAAGCA.1,2
TTAGTCTGCCAACA.1,5
TTAGTCTGTGCACA.1,1
TTATCCGACTAGTG.1,2
TTATCCGAGAAAGT.1,4
TTATGAGAGATAAG.1,3
TTATGCACGTCACA.1,2
TTATGGCTTATGGC.1,4
TTATTCCTATGCTG.1,4
TTATTCCTGGACAG.1,2
TTATTCCTGGTACT.1,2
TTATTCCTTCGTGA.1,1
TTCAAAGATAAAGG.1,3
TTCAACACAACAGA.1,1
TTCAACACCCCAAA.1,4
TTCAACACGGACGA.1,4
TTCAAGCTAAGAAC.1,4
TTCAAGCTAGATGA.1,3
TTCAAGCTGTTGAC.1,1
TTCAAGCTTCCAAG.1,5
TTCAAGCTTGATGC.1,1
TTCAAGCTTTCGCC.1,1
TTCACAACCCGTTC.1,4
TTCACAACGTCTGA.1,5
TTCAGACTACCCAA.1,5
TTCAGACTCTCGAA.1,1
TTCAGTACCGACTA.1,1
TTCAGTACTCAAGC.1,1
TTCAGTACTCCTAT.1,4
TTCAGTTGCCAAGT.1,3
TTCAGTTGTCCTTA.1,2
TTCAGTTGTCTAGG.1,3
TTCAGTTGTCTCGC.1,2
TTCATCGAGGTGGA.1,4
TTCATGTGTGGTGT.1,1
TTCATTCTATGTCG.1,4
TTCATTCTTCTCTA.1,1
TTCCAAACCTATGG.1,5
TTCCAAACCTCCCA.1,2
TTCCAAACTCCCAC.1,5
TTCCAAACTTGACG.1,3
TTCCATGACGAGAG.1,4
TTCCATGACTGTCC.1,5
TTCCCACTTGAGGG.1,5
TTCCCACTTGTCTT.1,4
TTCCTAGAAAGTGA.1,1
TTCCTAGACTAGTG.1,4
TTCGAGGACTCTAT.1,1
TTCGAGGAGGGCAA.1,3
TTCGAGGATAGAAG.1,4
TTCGATTGAGCATC.1,1
TTCGGAGAATGCCA.1,5
TTCGGAGATGTGCA.1,1
TTCGTATGAAAAGC.1,3
TTCGTATGGATAGA.1,3
TTCGTATGGTCTGA.1,1
TTCGTATGTCCTTA.1,4
TTCTACGAACGTAC.1,1
TTCTACGAGTTGGT.1,1
TTCTAGTGACACGT.1,1
TTCTAGTGCATGAC.1,4
TTCTAGTGGAGAGC.1,3
TTCTAGTGGTCACA.1,4
TTCTCAGAAGAGAT.1,1
TTCTCAGAAGCATC.1,2
TTCTCAGATGGAGG.1,1
TTCTGATGGAGACG.1,5
TTCTTACTCTGGAT.1,4
TTGAACCTCCTTGC.1,2
TTGAATGAACTACG.1,4
TTGAATGACTTACT.1,1
TTGAATGATCTCAT.1,2
TTGACACTCTGTAG.1,1
TTGACACTGATAAG.1,2
TTGAGGACAGAACA.1,4
TTGAGGACTACGCA.1,4
TTGAGGTGGACGGA.1,1
TTGCATTGAGCTAC.1,3
TTGCATTGCTAAGC.1,4
TTGCATTGTGACTG.1,1
TTGCTAACACCAAC.1,3
TTGCTAACACGCTA.1,4
TTGCTAACCACTCC.1,1
TTGCTATGGTACGT.1,4
TTGCTATGGTAGGG.1,5
TTGGAGACCAATCG.1,1
TTGGAGACGCTATG.1,4
TTGGAGACTATGGC.1,2
TTGGGAACTGAACC.1,1
TTGGTACTACTGGT.1,4
TTGGTACTCTTAGG.1,1
TTGGTACTGAATCC.1,1
TTGGTACTGGATTC.1,2
TTGTACACGTTGTG.1,4
TTGTACACTTGCAG.1,1
TTGTAGCTAGCTCA.1,1
TTGTAGCTCTCTTA.1,2
TTGTCATGGACGGA.1,5
TTTAGAGATCCTCG.1,2
TTTAGCTGATACCG.1,1
TTTAGCTGGATACC.1,4
TTTAGCTGTACTCT.1,2
TTTAGGCTCCTTTA.1,4
TTTATCCTGTTGTG.1,4
TTTCACGAGGTTCA.1,1
TTTCAGTGGAAGGC.1,3
TTTCAGTGTCACGA.1,2
TTTCAGTGTCTATC.1,5
TTTCAGTGTGCAGT.1,2
TTTCCAGAGGTGAG.1,5
TTTCGAACACCTGA.1,4
TTTCGAACTCTCAT.1,4
TTTCTACTGAGGCA.1,3
TTTCTACTTCCTCG.1,2
TTTGCATGAGAGGC.1,5
TTTGCATGCCTCAC.1,1
